idx,variant,decision,x_0,x_1,x_2,x_3,x_4,x_5,x_6,x_7,x_8,x_9,x_10,x_11,x_12,x_13,x_14,x_15
0,0,1.0,1,1,0,1,1,1,0,1,1,0,1,0,1,1,1,1
1,0,0.0,1,1,0,1,1,1,0,1,1,1,1,0,1,1,1,1
2,0,0.0,0,1,0,1,1,1,0,1,0,1,1,1,0,1,1,1
5,0,0.0,0,0,0,1,1,1,1,1,0,1,1,1,0,1,1,1
6,0,0.0,1,0,1,1,0,1,1,0,0,0,1,1,0,1,1,1
7,0,1.0,1,1,0,1,1,1,1,1,1,1,1,0,1,1,1,1
8,0,0.0,1,0,0,1,0,1,0,1,1,1,1,0,1,1,0,1
10,0,1.0,1,0,0,0,0,1,1,1,1,0,1,0,1,0,0,1
11,0,1.0,1,1,0,1,1,1,0,1,1,1,1,0,1,1,1,1
13,0,0.0,1,1,1,1,1,1,1,0,0,1,1,1,0,1,1,0
16,0,0.0,0,1,1,1,1,1,1,1,0,1,1,1,0,1,1,1
17,0,0.0,1,1,1,1,1,1,0,1,1,1,1,1,1,1,1,1
18,0,0.0,1,0,0,1,0,1,1,1,0,0,1,0,1,1,1,1
19,0,1.0,1,1,0,0,0,1,1,1,1,0,1,0,1,0,0,1
20,0,0.0,1,1,0,1,0,1,0,1,0,1,1,0,1,0,1,1
21,0,1.0,0,0,0,0,1,0,1,1,0,0,1,1,0,1,1,1
22,0,0.0,0,0,0,1,0,1,0,1,0,1,1,1,0,1,1,1
23,0,1.0,0,1,0,1,1,1,1,1,1,1,1,1,1,0,0,1
26,0,1.0,1,1,0,0,0,1,0,1,1,0,1,0,1,0,0,1
27,0,1.0,1,1,0,1,1,1,0,1,1,1,1,0,1,1,1,1
28,0,1.0,1,0,0,1,1,1,1,1,1,0,1,1,0,1,1,1
29,0,0.0,1,0,0,1,1,1,0,1,0,1,1,0,0,0,1,1
30,0,0.0,1,1,0,1,1,1,0,1,0,1,1,0,1,1,1,1
31,0,0.0,0,1,1,1,1,1,1,0,0,1,1,1,1,1,1,1
32,0,0.0,0,0,0,1,1,1,1,1,1,1,1,1,0,1,1,1
34,0,1.0,0,1,0,1,1,1,1,1,0,0,1,1,0,1,1,1
36,0,0.0,0,1,0,1,1,1,1,0,1,0,1,1,1,1,1,1
37,0,1.0,1,1,0,1,1,1,1,1,1,1,1,0,1,1,1,1
38,0,1.0,1,1,0,0,0,1,0,1,1,0,1,0,0,0,1,1
39,0,1.0,1,1,0,1,1,1,1,1,1,1,1,1,0,1,1,1
40,0,0.0,1,1,0,1,1,1,0,1,1,1,1,0,1,1,1,1
41,0,0.0,1,1,0,1,1,1,0,1,1,1,1,1,1,1,1,1
43,0,1.0,1,1,0,1,1,1,1,1,1,0,1,1,0,1,1,1
44,0,0.0,1,1,1,1,1,1,1,1,0,1,1,1,1,1,1,1
45,0,1.0,0,1,0,1,1,1,1,1,1,1,1,1,0,1,1,1
46,0,0.0,0,1,0,1,1,1,0,1,1,1,1,1,0,1,1,1
47,0,0.0,0,0,0,1,0,1,1,0,1,1,1,0,1,1,1,1
48,0,1.0,1,1,0,1,1,1,1,1,1,1,1,0,0,0,0,1
49,0,1.0,1,1,0,1,1,1,1,1,1,0,1,0,1,1,1,1
51,0,1.0,1,0,0,0,1,1,1,1,1,0,1,0,1,0,0,1
52,0,0.0,0,0,1,1,1,1,1,0,0,1,1,1,0,1,1,1
55,0,0.0,1,1,0,1,1,1,1,1,1,1,1,0,1,1,1,1
56,0,1.0,0,0,0,1,1,1,1,1,1,0,1,1,0,1,1,1
57,0,1.0,0,1,0,1,0,1,1,1,1,0,1,1,1,0,1,1
58,0,0.0,1,0,1,1,1,1,1,1,1,1,1,1,0,1,1,1
59,0,0.0,0,1,0,1,1,1,0,1,0,1,1,1,0,1,1,1
60,0,0.0,0,0,0,1,1,1,1,1,0,0,1,1,0,0,0,1
61,0,1.0,1,0,0,1,1,1,1,1,0,0,1,0,1,1,1,1
62,0,1.0,1,1,0,1,1,1,1,1,0,1,1,1,1,1,1,1
63,0,1.0,0,1,1,1,1,1,1,1,1,1,1,1,1,1,1,1
64,0,0.0,1,0,0,1,1,0,1,1,1,1,1,1,0,1,1,1
65,0,0.0,0,0,0,1,1,1,0,1,1,1,1,1,1,1,1,1
66,0,1.0,0,1,0,1,1,1,0,1,1,1,1,1,0,1,1,1
68,0,1.0,0,1,0,1,1,1,0,1,1,0,1,1,0,1,0,1
69,0,0.0,1,1,0,1,1,1,1,1,1,1,1,1,1,1,1,0
70,0,1.0,1,1,0,1,0,1,1,1,0,1,1,0,1,1,1,1
71,0,1.0,1,1,0,1,1,1,1,1,1,1,1,0,1,1,1,1
72,0,0.0,1,1,0,1,1,1,1,1,1,1,1,0,1,1,1,1
73,0,0.0,1,0,0,1,0,1,1,1,1,1,1,1,1,1,1,1
74,0,0.0,1,0,0,1,1,1,0,1,1,1,1,1,1,1,1,1
75,0,0.0,1,1,0,1,1,1,1,1,1,1,1,0,1,1,1,1
77,0,1.0,1,1,0,1,1,1,1,1,1,0,1,0,0,1,0,1
78,0,1.0,1,1,0,1,1,1,1,1,1,1,1,0,1,1,1,1
79,0,1.0,1,0,0,1,0,0,0,1,0,0,1,0,1,0,1,1
80,0,1.0,1,1,0,1,0,0,1,1,1,0,1,0,1,1,0,1
81,0,1.0,1,1,0,1,1,1,0,1,0,1,1,0,0,0,0,1
82,0,0.0,1,1,0,1,1,1,1,1,0,1,1,0,1,1,1,1
83,0,1.0,1,1,0,1,1,1,1,1,1,0,1,1,0,1,1,1
85,0,1.0,1,0,0,1,1,1,1,1,1,1,1,0,1,1,0,1
86,0,1.0,1,0,0,1,0,1,0,1,1,1,1,0,0,0,0,1
87,0,0.0,1,0,0,1,1,1,1,1,1,1,1,0,1,1,1,1
88,0,1.0,1,1,0,0,0,1,0,1,1,0,1,0,0,0,0,1
89,0,0.0,1,0,0,1,0,1,1,1,1,0,1,0,1,1,0,1
91,0,1.0,0,0,0,1,1,1,1,1,0,1,1,1,0,1,1,1
93,0,1.0,1,1,0,1,1,1,1,1,1,1,1,0,1,1,1,1
94,0,1.0,0,1,0,0,1,1,0,1,0,0,1,1,0,0,0,1
95,0,1.0,0,1,1,1,1,1,1,1,1,1,1,1,1,1,1,1
96,0,1.0,1,1,0,1,1,1,1,0,1,0,1,1,1,1,1,1
97,0,0.0,1,1,0,1,1,1,1,1,1,1,1,0,1,1,1,1
99,0,1.0,1,1,0,1,1,1,1,1,1,0,1,1,0,1,1,0
100,0,0.0,1,0,0,1,1,1,0,1,0,0,1,0,1,1,1,1
101,0,0.0,1,1,0,1,1,1,1,1,1,1,1,1,1,1,1,1
102,0,0.0,0,0,0,0,0,1,1,1,0,1,1,0,0,1,1,1
103,0,1.0,0,1,0,1,1,1,1,1,1,1,1,1,1,1,1,1
106,0,0.0,1,1,0,1,1,1,1,1,1,1,1,0,1,1,1,1
107,0,0.0,1,1,0,1,1,1,0,1,0,0,1,0,1,1,1,1
110,0,1.0,1,1,0,1,1,1,1,1,0,1,1,0,1,1,1,1
111,0,0.0,1,1,0,1,1,1,1,1,1,1,1,0,1,1,1,1
112,0,0.0,1,0,1,1,1,1,1,1,1,1,1,1,0,1,1,1
113,0,0.0,0,1,0,1,0,1,0,0,0,1,1,1,0,1,1,0
114,0,1.0,1,0,0,1,1,1,1,1,1,1,1,0,0,1,0,1
115,0,1.0,0,1,0,1,1,1,1,1,0,0,1,1,1,0,1,1
116,0,1.0,0,0,0,1,1,1,1,1,1,1,1,1,0,1,1,1
117,0,1.0,1,0,0,1,1,1,1,1,1,1,1,0,1,1,1,1
118,0,1.0,1,1,0,1,1,1,1,1,1,1,1,0,1,1,1,1
119,0,1.0,1,0,0,0,0,1,1,1,1,1,1,0,0,0,0,1
121,0,1.0,1,0,0,1,1,1,1,1,1,0,1,1,0,1,1,1
122,0,0.0,0,0,0,1,1,1,1,1,0,1,1,1,0,1,1,1
123,0,1.0,1,1,0,1,1,1,1,1,1,1,1,0,1,1,1,1
124,0,1.0,1,1,0,1,0,1,0,1,1,1,1,0,0,1,1,1
125,0,1.0,1,0,0,1,0,1,1,1,1,1,1,0,1,1,0,1
126,0,0.0,1,1,0,1,0,1,1,1,1,0,1,0,1,1,1,1
127,0,0.0,1,0,0,1,1,1,1,1,1,0,1,1,1,1,1,1
128,0,1.0,1,1,0,1,1,1,0,1,1,0,1,0,1,1,1,1
129,0,0.0,1,1,0,1,1,1,0,1,1,1,1,0,1,1,1,1
130,0,1.0,0,1,0,1,1,1,1,1,1,0,1,1,0,1,1,1
131,0,0.0,1,1,0,1,1,1,0,1,1,1,1,1,1,1,1,0
132,0,0.0,0,1,0,1,1,1,1,1,0,1,1,1,1,1,1,1
133,0,1.0,1,0,0,1,0,0,1,1,1,1,1,1,1,1,1,1
134,0,1.0,1,1,0,0,0,0,0,1,1,1,1,0,1,1,0,1
136,0,1.0,1,0,0,0,0,1,1,1,1,0,1,0,0,0,1,1
137,0,0.0,1,0,1,1,1,1,1,1,1,1,1,1,1,1,1,1
138,0,0.0,1,1,0,1,0,1,1,1,1,1,1,0,1,1,1,1
139,0,1.0,1,0,0,1,0,1,1,1,1,0,1,1,1,1,1,1
140,0,1.0,0,0,0,1,1,1,1,1,0,1,1,1,1,1,1,1
141,0,0.0,1,0,0,1,0,1,1,1,1,1,1,0,1,1,1,1
142,0,1.0,1,0,0,1,1,1,1,1,1,1,1,0,0,1,1,1
143,0,1.0,0,1,0,1,1,1,1,1,1,1,1,1,1,1,1,1
144,0,0.0,1,0,0,1,0,1,1,1,1,1,1,1,1,1,1,1
145,0,0.0,1,0,0,1,1,1,1,1,0,1,1,0,1,1,1,1
146,0,0.0,1,1,0,1,1,1,1,1,1,1,1,0,1,1,1,1
148,0,1.0,1,0,0,1,1,1,1,1,1,1,1,0,1,0,1,1
149,0,0.0,1,0,0,1,1,1,1,1,1,1,1,0,1,1,1,1
150,0,1.0,1,1,0,1,1,1,1,0,1,0,1,1,1,1,1,0
152,0,0.0,1,1,0,1,0,1,1,1,1,1,1,0,1,1,0,1
153,0,1.0,1,1,0,1,1,1,1,1,1,1,1,1,1,1,1,1
154,0,0.0,0,1,0,1,1,1,1,1,0,1,1,1,1,1,1,1
155,0,1.0,1,1,0,1,1,1,1,1,1,1,1,0,1,1,1,1
156,0,0.0,0,1,0,1,1,1,1,1,1,1,1,1,1,1,1,1
157,0,1.0,1,1,0,1,1,1,1,1,1,1,1,0,1,1,1,1
158,0,1.0,0,1,0,1,1,1,1,1,1,0,1,1,1,1,1,1
161,0,0.0,1,1,0,1,1,1,1,1,1,1,1,0,1,1,1,1
162,0,1.0,1,0,0,1,1,1,1,1,1,1,1,0,1,1,1,1
163,0,1.0,0,1,0,1,1,1,1,1,1,1,1,1,1,1,1,1
164,0,1.0,1,1,0,1,1,1,1,1,1,1,1,0,1,1,1,1
165,0,1.0,1,0,0,1,0,1,1,1,1,1,1,0,0,1,0,1
168,0,1.0,1,0,0,1,1,1,0,1,1,0,1,0,1,1,1,1
169,0,1.0,0,1,0,1,1,1,0,1,1,1,1,1,1,1,1,1
170,0,1.0,0,1,0,1,1,1,1,1,0,1,1,1,0,1,1,1
171,0,1.0,0,0,1,0,1,1,1,1,1,1,1,1,0,0,1,1
172,0,1.0,1,1,0,1,1,1,1,1,1,1,1,1,1,1,1,1
173,0,0.0,0,0,1,1,1,1,0,1,1,0,1,1,0,1,1,1
174,0,1.0,1,0,0,1,0,1,1,1,1,0,1,0,1,1,1,1
175,0,1.0,1,0,0,0,0,1,0,1,0,1,1,0,1,1,0,1
176,0,1.0,1,1,0,1,0,1,1,1,1,1,1,0,1,1,1,1
177,0,0.0,0,0,0,1,0,1,1,1,1,1,1,0,1,1,1,1
178,0,1.0,1,0,0,1,1,1,0,1,1,1,1,0,1,1,1,1
179,0,0.0,1,0,0,1,0,1,1,1,1,1,1,0,1,1,1,1
180,0,1.0,1,1,0,1,0,1,1,1,1,0,1,0,1,0,1,1
181,0,1.0,1,1,0,1,1,1,0,1,1,1,1,0,1,1,1,1
182,0,0.0,0,0,1,1,0,1,1,0,0,1,1,1,0,1,1,1
183,0,1.0,0,0,1,1,0,0,1,0,1,1,1,1,1,0,1,1
184,0,1.0,1,0,0,1,0,1,0,1,1,1,1,0,1,0,0,1
185,0,0.0,1,1,0,1,1,1,1,1,1,1,1,0,1,1,1,1
186,0,0.0,1,1,0,1,1,1,1,1,0,1,1,0,1,1,1,1
187,0,0.0,0,1,0,0,1,1,1,1,0,0,1,1,0,1,0,1
188,0,1.0,1,1,0,1,1,1,1,1,1,1,1,0,1,1,0,1
189,0,1.0,0,1,0,1,0,1,1,1,0,0,1,1,1,1,1,1
193,0,1.0,0,1,0,1,1,0,1,1,1,0,1,1,0,1,0,1
194,0,1.0,0,1,1,1,1,0,1,0,0,0,1,1,0,1,1,1
195,0,0.0,0,0,0,1,1,1,0,0,0,1,1,1,1,0,1,1
198,0,1.0,0,0,0,1,1,1,1,1,0,1,1,1,0,1,1,1
199,0,0.0,1,0,0,1,1,1,0,1,0,1,1,0,0,1,1,1
200,0,1.0,1,1,0,1,0,0,1,1,1,0,1,0,0,1,1,1
203,0,1.0,1,1,0,1,1,1,0,1,1,1,1,1,1,1,1,1
204,0,0.0,1,0,0,0,0,1,1,1,1,0,1,0,1,1,1,1
205,0,1.0,1,0,0,1,1,1,1,1,1,1,1,1,0,1,1,1
206,0,0.0,1,0,0,1,0,1,0,1,1,1,1,0,1,1,1,1
207,0,0.0,1,0,0,1,0,1,1,1,1,1,1,0,1,1,1,1
208,0,0.0,0,0,0,1,1,1,0,1,1,1,1,1,1,1,1,1
211,0,0.0,0,1,0,1,1,1,1,1,0,1,1,1,1,1,1,1
213,0,0.0,1,1,0,1,1,1,1,1,0,1,1,1,0,1,1,1
214,0,1.0,0,0,0,1,1,1,1,1,0,0,1,1,0,1,0,1
215,0,1.0,1,1,0,1,1,0,1,1,1,0,1,0,1,0,1,1
216,0,0.0,1,0,0,1,0,0,0,1,1,0,1,0,1,1,1,1
218,0,1.0,1,1,1,1,1,1,1,0,1,0,1,1,0,0,1,1
219,0,0.0,1,0,0,1,1,1,1,1,0,0,1,0,1,0,1,1
220,0,1.0,1,1,0,1,1,1,1,1,1,1,1,0,1,1,1,1
221,0,0.0,1,0,0,1,1,1,1,1,1,1,1,0,1,1,1,1
222,0,0.0,1,1,0,1,1,1,1,1,1,1,1,0,1,1,1,1
223,0,1.0,1,1,0,1,1,1,1,1,1,1,1,0,1,1,1,1
224,0,0.0,1,0,0,1,1,1,0,1,1,0,1,0,1,1,1,1
225,0,1.0,1,1,0,1,1,1,1,1,0,1,1,1,0,1,1,1
227,0,1.0,1,0,0,1,1,1,1,1,1,1,1,0,1,1,1,1
228,0,0.0,1,1,0,1,1,1,1,1,0,1,1,0,1,1,1,1
229,0,0.0,1,0,0,1,1,1,1,1,0,0,1,0,0,1,1,1
231,0,1.0,0,1,0,1,1,1,1,1,1,0,1,1,0,1,1,1
232,0,0.0,0,0,0,1,1,1,1,1,0,1,1,1,0,1,1,1
234,0,1.0,1,1,0,1,1,1,1,1,1,0,1,1,0,0,1,1
236,0,1.0,1,0,0,1,1,1,1,1,1,1,1,0,1,1,1,1
237,0,1.0,0,1,0,1,1,0,1,1,0,0,1,1,0,0,0,1
238,0,1.0,1,1,0,1,1,1,1,1,0,0,1,1,0,1,0,1
239,0,1.0,1,0,0,1,1,1,1,1,1,1,1,0,0,0,1,1
240,0,1.0,0,0,0,1,1,1,1,1,1,1,1,1,0,1,1,1
241,0,1.0,0,1,1,1,1,1,1,0,1,0,1,1,1,1,1,1
242,0,1.0,1,1,0,1,1,1,1,1,1,1,1,0,1,1,1,1
243,0,0.0,1,1,0,1,1,1,1,0,1,0,1,0,1,1,1,1
244,0,0.0,1,1,0,1,0,0,0,1,1,0,1,0,1,0,1,1
246,0,0.0,1,1,0,1,0,1,1,1,1,0,1,0,1,0,1,1
247,0,1.0,0,1,0,1,1,1,1,1,1,1,1,1,1,1,1,1
248,0,0.0,1,0,0,1,1,1,1,1,1,1,1,0,1,0,1,1
249,0,0.0,1,1,0,1,1,1,1,0,1,1,1,1,1,1,1,1
250,0,0.0,0,0,1,1,1,1,0,0,1,1,1,1,0,1,1,1
251,0,0.0,0,1,0,1,1,1,1,1,0,1,1,1,1,1,1,1
252,0,0.0,1,1,0,1,1,1,1,1,1,1,1,0,1,1,1,1
253,0,1.0,0,0,0,1,1,1,0,1,1,1,1,1,0,0,1,1
256,0,1.0,1,0,0,1,1,1,1,1,1,1,1,1,1,1,1,1
257,0,1.0,1,1,0,1,1,1,1,1,1,0,1,0,1,0,0,1
258,0,0.0,0,0,0,1,0,1,1,1,0,0,1,1,0,1,1,1
259,0,1.0,0,1,0,1,1,1,1,1,0,1,1,1,0,0,1,1
260,0,1.0,0,1,0,0,1,1,1,1,1,0,1,1,0,1,0,0
261,0,0.0,0,1,0,1,1,1,0,1,0,1,1,1,1,1,1,1
262,0,1.0,1,0,0,1,0,1,1,1,0,1,1,0,1,0,1,1
263,0,1.0,1,0,0,1,1,1,0,1,1,0,1,0,0,0,0,1
264,0,0.0,1,0,0,1,1,1,1,1,1,1,1,0,1,1,1,1
265,0,1.0,0,0,0,1,0,1,1,1,1,0,1,1,1,1,1,1
266,0,1.0,1,1,0,1,1,1,1,1,1,1,1,0,1,0,0,1
267,0,1.0,1,0,1,0,1,1,1,1,1,1,1,1,0,1,1,1
268,0,1.0,1,1,0,1,1,1,1,1,1,1,1,0,1,1,1,1
269,0,0.0,0,1,0,0,0,1,0,1,1,1,1,0,1,1,1,1
272,0,1.0,1,1,0,1,1,1,1,1,1,1,1,0,1,1,1,1
273,0,1.0,1,1,1,1,1,1,1,0,0,1,1,1,1,1,1,1
274,0,1.0,1,0,0,1,0,1,1,1,1,1,1,0,1,1,0,1
275,0,1.0,0,0,0,1,1,1,0,1,0,1,1,1,0,1,1,1
278,0,1.0,1,1,0,1,1,1,1,1,1,1,1,0,1,1,1,1
280,0,1.0,1,1,0,0,1,1,0,1,1,1,1,0,0,0,0,1
281,0,1.0,1,1,0,1,1,1,1,1,0,0,1,0,0,0,1,1
282,0,1.0,1,1,0,0,0,1,1,1,1,1,1,0,1,1,1,1
283,0,1.0,1,0,0,1,1,1,1,1,1,1,1,0,0,1,1,1
284,0,1.0,1,1,0,1,1,1,0,1,1,1,1,0,1,1,1,1
285,0,1.0,0,1,0,1,1,1,1,1,1,1,1,1,1,1,1,1
286,0,1.0,1,0,0,1,0,1,1,1,1,1,1,0,1,0,1,1
287,0,1.0,0,1,0,1,1,1,0,1,1,1,1,1,1,1,1,1
288,0,1.0,1,0,0,1,1,1,1,1,1,1,1,1,1,1,1,1
290,0,0.0,0,0,1,1,1,1,0,0,1,1,1,1,0,1,1,1
292,0,0.0,1,0,0,1,0,1,0,1,1,1,1,0,1,1,1,1
293,0,0.0,0,0,0,1,1,1,1,1,0,1,1,1,0,1,1,1
296,0,1.0,1,1,0,1,1,1,1,1,1,1,1,0,1,1,1,1
297,0,1.0,0,1,0,1,1,1,1,1,1,0,1,1,0,1,0,1
298,0,0.0,0,1,0,1,1,1,1,1,1,1,1,1,1,1,1,1
300,0,0.0,1,1,0,1,1,1,1,1,1,1,1,0,1,1,1,1
301,0,0.0,1,0,0,0,1,1,0,0,1,1,1,0,0,1,0,1
303,0,1.0,1,1,0,1,1,0,1,1,1,1,1,0,1,0,1,1
304,0,0.0,1,1,0,1,0,1,0,1,1,0,1,0,1,1,1,1
305,0,0.0,1,1,0,1,0,1,0,1,1,0,1,0,1,1,1,1
306,0,0.0,1,1,0,1,1,1,1,1,0,0,1,1,0,0,1,1
307,0,0.0,0,0,0,1,1,1,0,1,0,0,1,1,0,1,1,1
308,0,0.0,1,0,0,1,0,1,1,1,1,0,1,0,1,0,1,1
309,0,0.0,1,1,0,1,1,0,1,1,1,0,1,0,1,0,1,1
311,0,1.0,1,0,0,1,0,1,1,1,0,1,1,0,1,0,0,1
312,0,1.0,1,1,0,1,1,1,1,1,1,0,1,0,1,1,1,1
313,0,0.0,1,1,0,1,1,1,1,1,1,1,1,0,1,1,1,1
315,0,1.0,1,1,0,1,1,1,1,1,0,1,1,0,1,1,1,1
317,0,1.0,1,1,0,1,0,1,1,1,1,1,1,0,1,1,1,1
319,0,0.0,1,1,0,1,1,1,1,1,1,1,1,0,1,1,1,1
321,0,1.0,1,1,0,1,0,1,1,1,1,1,1,0,1,1,1,1
322,0,0.0,1,1,0,1,1,1,0,1,0,1,1,0,1,1,1,1
324,0,0.0,0,1,0,1,1,1,1,1,1,0,1,1,0,1,1,1
325,0,0.0,1,1,0,1,1,1,1,1,1,1,1,0,1,1,1,1
326,0,1.0,1,1,0,1,1,1,1,1,1,1,1,0,1,1,1,1
328,0,0.0,1,1,0,1,1,1,1,1,1,1,1,0,1,1,1,1
329,0,1.0,0,1,0,1,1,1,0,1,1,1,1,1,0,1,1,1
330,0,1.0,1,0,0,1,0,1,0,1,0,0,1,0,1,0,0,1
331,0,1.0,1,1,0,0,0,0,1,1,1,0,1,0,1,1,1,1
332,0,1.0,1,1,0,1,1,1,0,1,1,1,1,0,1,1,1,1
333,0,0.0,0,0,1,1,0,1,1,1,1,1,1,1,0,1,1,1
334,0,1.0,1,0,0,1,1,1,1,1,0,1,1,0,1,1,1,1
335,0,0.0,1,0,0,1,1,1,0,1,0,1,1,0,1,1,1,1
336,0,1.0,1,0,0,1,0,0,1,1,0,0,1,0,1,1,1,1
337,0,1.0,1,1,0,1,1,1,0,1,1,1,1,0,1,1,0,1
338,0,1.0,0,1,0,1,1,1,0,1,0,1,1,1,1,1,1,1
339,0,1.0,1,0,0,0,1,1,0,1,1,1,1,0,0,0,0,1
341,0,0.0,1,1,0,1,0,1,0,1,1,1,1,0,1,1,1,1
343,0,0.0,1,0,0,1,1,1,1,1,1,0,1,0,0,1,1,1
344,0,0.0,1,0,0,1,1,1,1,1,0,1,1,0,1,1,1,1
345,0,1.0,1,1,0,0,1,1,1,1,1,0,1,0,1,1,0,1
346,0,0.0,1,1,0,1,1,1,1,1,0,1,1,0,1,1,1,1
349,0,1.0,1,1,0,1,1,1,1,1,1,0,1,0,1,1,1,1
350,0,1.0,1,1,1,1,1,1,1,1,0,1,1,1,0,1,1,1
351,0,0.0,1,0,0,1,0,1,0,1,1,1,1,0,1,1,0,1
352,0,0.0,0,1,0,1,1,1,1,1,1,1,1,1,0,1,1,1
356,0,1.0,1,1,0,1,1,1,1,1,1,1,1,0,1,1,1,1
357,0,1.0,1,1,0,1,1,1,1,1,0,1,1,0,1,1,1,1
358,0,1.0,1,1,0,1,0,1,1,1,1,0,1,0,1,1,1,1
359,0,0.0,1,0,0,0,0,1,0,1,1,1,1,0,1,1,1,1
361,0,1.0,0,1,0,1,1,1,1,1,0,1,1,1,1,1,1,1
362,0,1.0,1,1,0,1,1,1,1,1,1,1,1,0,1,1,1,1
363,0,0.0,1,1,0,1,1,1,1,1,0,1,1,0,1,1,1,1
365,0,0.0,1,0,0,1,1,1,1,1,1,0,1,0,1,1,1,1
366,0,0.0,1,1,0,1,0,1,0,1,1,1,1,0,1,1,0,1
367,0,1.0,1,1,0,1,1,1,1,1,1,1,1,1,0,1,1,1
368,0,1.0,1,0,0,1,0,1,0,1,1,1,1,0,0,0,0,1
369,0,0.0,1,1,0,1,1,1,1,1,1,1,1,1,1,1,1,1
370,0,0.0,1,1,0,1,1,1,1,1,1,0,1,1,1,1,1,1
371,0,0.0,1,0,0,1,0,1,0,1,1,1,1,0,1,1,1,1
372,0,0.0,1,1,0,1,1,1,0,1,1,1,1,0,1,1,1,1
373,0,1.0,1,1,1,1,1,1,1,0,1,0,1,1,0,1,1,1
374,0,1.0,1,1,0,1,1,1,1,1,1,1,1,0,1,1,1,1
375,0,1.0,0,1,0,1,1,1,1,1,1,1,1,1,0,1,1,1
378,0,0.0,0,0,1,1,1,1,1,0,1,1,1,1,1,1,1,1
380,0,1.0,1,0,0,1,1,1,1,1,0,1,1,0,1,1,1,1
382,0,1.0,1,0,0,1,1,1,1,1,1,1,1,0,0,1,1,1
383,0,1.0,1,1,0,1,0,1,1,1,0,0,1,0,0,0,1,1
384,0,1.0,1,1,0,1,1,1,1,1,1,0,1,1,0,1,1,1
385,0,0.0,1,1,0,1,1,1,1,1,0,1,1,0,1,1,1,1
386,0,1.0,1,1,0,1,1,1,1,1,1,1,1,0,1,1,1,1
387,0,0.0,1,1,0,1,1,1,1,1,1,1,1,0,1,1,1,1
388,0,0.0,1,1,0,1,1,1,1,1,1,1,1,1,0,1,1,1
391,0,1.0,0,0,0,1,1,1,1,1,1,1,1,1,1,1,1,1
393,0,0.0,1,0,0,0,0,1,0,0,1,1,1,1,1,1,1,1
395,0,0.0,1,1,0,1,1,1,1,1,1,0,1,0,1,1,1,1
396,0,0.0,1,1,0,1,1,1,1,1,1,1,1,1,0,1,1,1
397,0,1.0,1,1,0,1,1,1,1,1,1,1,1,1,1,1,1,1
398,0,0.0,1,1,1,1,1,1,1,1,1,1,1,1,1,1,1,1
400,0,0.0,1,1,0,1,1,1,1,1,0,1,1,0,1,1,1,1
401,0,1.0,1,0,0,1,1,1,1,1,1,1,1,0,1,0,1,1
402,0,1.0,1,1,0,1,1,1,1,1,0,1,1,0,1,1,1,1
403,0,1.0,1,0,0,1,1,1,1,1,1,1,1,0,1,0,1,1
404,0,1.0,0,1,0,1,1,1,1,1,0,1,1,1,1,1,1,1
405,0,0.0,0,1,0,1,1,1,1,1,1,1,1,1,1,1,1,1
406,0,1.0,1,1,0,0,0,1,0,1,1,0,1,0,0,0,0,1
407,0,0.0,1,0,1,1,1,1,1,0,1,0,1,1,1,1,1,1
408,0,0.0,0,0,0,1,1,1,1,1,1,1,1,1,1,1,1,1
409,0,1.0,1,1,0,1,1,1,1,1,1,0,1,0,1,1,1,1
410,0,0.0,1,1,0,1,1,1,0,1,1,1,1,0,1,1,1,1
411,0,1.0,1,0,0,1,1,1,0,1,1,1,1,0,1,1,1,1
414,0,1.0,1,0,0,1,1,1,1,1,1,1,1,0,1,1,1,1
415,0,1.0,1,1,0,1,1,1,1,1,1,1,1,1,1,1,1,1
416,0,1.0,1,1,0,0,0,1,1,1,1,0,1,0,0,1,1,1
417,0,0.0,1,1,0,1,1,1,1,1,1,1,1,0,1,1,1,1
419,0,1.0,0,1,1,1,1,1,1,0,1,0,1,1,0,1,1,1
420,0,1.0,1,1,0,1,0,1,1,1,1,0,1,0,1,1,1,1
421,0,1.0,0,0,0,1,0,0,1,1,0,1,1,1,0,1,1,1
422,0,1.0,1,0,0,1,0,1,0,1,1,0,1,0,1,1,1,1
423,0,1.0,0,0,0,1,0,1,1,0,0,0,1,1,1,0,1,1
424,0,1.0,1,1,0,0,1,1,1,1,1,0,1,0,1,1,0,1
425,0,1.0,0,0,0,1,1,1,1,1,1,0,1,1,0,1,0,1
426,0,0.0,1,0,0,1,0,1,1,1,1,1,1,0,1,1,1,1
427,0,0.0,1,1,0,1,1,1,1,1,1,1,1,0,1,1,1,1
428,0,1.0,1,1,0,1,1,1,1,1,1,1,1,1,1,1,1,1
430,0,1.0,0,0,0,1,1,1,1,1,1,1,1,1,0,1,1,1
431,0,1.0,1,1,0,1,1,1,1,1,1,0,1,0,1,1,1,1
432,0,1.0,1,1,0,1,1,1,1,1,1,1,1,0,1,1,0,1
433,0,1.0,1,1,0,1,1,1,0,1,1,0,1,0,1,1,1,1
434,0,1.0,1,1,0,1,1,1,1,1,1,0,1,0,1,1,1,1
435,0,1.0,1,1,1,1,1,1,1,1,1,0,1,1,0,1,0,1
437,0,1.0,1,0,0,1,1,1,1,1,1,1,1,0,1,1,1,1
438,0,0.0,1,0,0,0,0,1,1,1,1,1,1,0,1,1,1,1
440,0,1.0,0,1,0,1,1,1,1,1,0,1,1,1,1,1,1,1
441,0,1.0,1,0,0,1,0,1,1,1,1,1,1,0,1,0,1,1
442,0,1.0,1,1,0,1,0,1,1,1,1,1,1,1,1,1,1,1
444,0,0.0,1,0,0,1,1,1,1,1,1,0,1,1,0,0,1,1
446,0,1.0,0,1,0,1,1,1,1,1,1,1,1,1,0,1,1,1
447,0,0.0,0,1,0,0,0,1,1,1,1,1,1,1,0,0,1,1
448,0,1.0,1,1,0,1,1,1,1,1,1,1,1,0,1,1,1,1
449,0,1.0,1,1,0,1,1,1,0,1,1,0,1,1,1,1,1,1
450,0,0.0,1,0,0,1,1,1,1,1,1,1,1,0,1,1,1,1
451,0,1.0,1,0,0,1,0,1,1,1,1,1,1,0,1,1,0,1
452,0,0.0,1,0,0,1,1,1,1,1,1,0,1,0,0,1,1,1
453,0,0.0,1,1,0,1,1,1,1,1,1,1,1,0,1,1,1,1
454,0,0.0,1,0,0,1,1,1,1,1,1,1,1,0,1,1,1,1
455,0,0.0,1,0,0,1,1,1,1,1,0,1,1,0,1,1,1,1
456,0,1.0,1,1,0,1,1,1,1,1,1,1,1,0,1,1,1,1
457,0,0.0,0,1,1,1,1,1,1,0,0,1,1,1,0,1,1,1
458,0,1.0,1,1,0,1,1,1,1,1,1,0,1,0,1,1,1,1
460,0,0.0,1,1,0,1,1,1,1,1,1,1,1,0,1,1,1,1
461,0,0.0,1,0,0,1,1,1,1,1,1,1,1,1,0,1,1,1
462,0,1.0,1,1,0,1,0,1,1,1,1,0,1,0,1,0,1,1
463,0,1.0,0,0,0,1,1,1,1,1,1,1,1,1,1,1,1,1
464,0,1.0,1,0,0,1,0,1,1,1,1,1,1,0,0,0,0,1
465,0,0.0,1,1,0,1,1,1,1,1,1,0,1,0,1,1,1,1
466,0,0.0,1,0,0,0,0,1,1,1,1,1,1,0,1,1,1,1
467,0,1.0,1,1,0,1,0,1,1,1,1,0,1,1,0,1,0,1
468,0,1.0,0,1,0,1,1,1,1,1,1,1,1,1,0,1,1,1
469,0,1.0,1,0,0,1,0,0,1,1,1,1,1,0,0,0,1,1
470,0,0.0,0,0,1,1,1,1,1,0,0,0,1,1,0,1,1,1
471,0,1.0,1,0,0,1,1,1,1,1,1,1,1,0,1,0,0,1
472,0,1.0,0,1,0,1,1,1,1,1,0,0,1,1,0,0,1,1
473,0,0.0,1,1,0,1,1,1,1,1,1,1,1,0,1,1,1,1
474,0,1.0,0,1,1,1,1,1,1,0,1,1,1,1,1,1,1,1
475,0,1.0,0,0,0,1,1,1,1,1,0,1,1,1,0,0,1,1
476,0,0.0,0,0,1,1,1,1,1,0,0,0,1,1,0,1,1,1
477,0,1.0,1,1,0,1,1,1,1,1,1,1,1,0,1,1,1,1
478,0,0.0,1,1,0,1,1,1,1,1,1,1,1,1,1,1,1,1
480,0,0.0,1,0,0,1,1,1,0,1,1,1,1,0,1,1,1,1
481,0,1.0,1,1,0,1,1,0,0,1,1,1,1,0,1,1,1,1
482,0,1.0,1,1,0,1,1,1,1,1,1,1,1,0,1,1,1,1
483,0,0.0,0,0,0,1,1,1,0,1,0,0,1,0,1,1,1,1
484,0,1.0,1,1,0,1,1,1,1,1,1,1,1,0,1,1,1,1
486,0,1.0,1,1,0,1,1,1,1,1,1,1,1,1,1,1,1,1
487,0,0.0,1,1,0,1,1,1,0,1,1,1,1,0,1,1,1,1
488,0,1.0,0,1,0,1,1,1,1,1,1,1,1,1,1,1,1,1
489,0,1.0,1,1,0,1,1,1,1,1,1,1,1,0,1,1,0,1
490,0,0.0,0,1,0,1,1,1,1,1,0,1,1,1,1,1,1,1
491,0,1.0,1,0,0,1,1,1,0,1,1,1,1,0,1,1,1,1
492,0,0.0,1,1,0,1,1,1,1,0,1,1,1,1,1,1,1,1
493,0,1.0,1,1,0,1,1,1,1,1,1,0,1,1,1,1,1,1
494,0,0.0,1,1,0,0,1,1,1,1,1,0,1,1,0,1,1,1
495,0,0.0,1,1,0,1,1,1,1,1,1,1,1,0,1,1,1,1
496,0,1.0,1,1,0,1,0,1,1,1,1,1,1,0,1,1,1,1
498,0,1.0,0,1,0,1,1,1,1,1,0,0,1,1,0,1,1,1
499,0,0.0,0,0,1,1,1,1,1,0,0,1,1,1,0,1,1,1
0,1,1.0,0,1,0,0,1,1,1,1,0,0,1,1,0,0,0,1
1,1,0.0,1,0,0,1,1,1,0,1,1,1,1,0,1,1,1,1
2,1,1.0,0,1,1,1,1,1,1,1,1,0,1,1,0,1,0,1
5,1,0.0,0,1,0,1,1,1,1,1,1,1,1,1,1,1,1,1
6,1,1.0,0,1,1,1,1,1,0,0,1,1,1,1,0,1,1,1
7,1,1.0,1,1,0,1,1,1,1,1,1,1,1,0,1,1,1,1
8,1,1.0,1,1,0,1,1,0,0,1,1,1,1,0,1,1,1,1
10,1,0.0,1,0,0,1,0,1,1,1,0,1,1,0,1,1,0,1
11,1,0.0,1,0,0,1,0,0,1,1,0,1,1,1,1,1,1,1
13,1,1.0,1,1,0,0,0,0,0,1,1,0,1,0,1,0,1,1
16,1,1.0,0,1,1,1,1,1,1,0,1,1,1,1,1,1,1,1
17,1,1.0,0,1,1,1,1,1,1,1,1,1,1,1,0,1,1,1
18,1,0.0,1,0,0,1,1,1,1,1,1,0,1,0,1,1,1,1
19,1,1.0,1,0,0,1,1,1,1,1,1,1,1,0,1,0,1,1
20,1,0.0,0,0,0,0,0,1,1,1,1,1,1,1,1,1,1,1
21,1,1.0,0,1,0,1,1,1,1,1,1,1,1,1,1,1,1,1
22,1,0.0,0,1,0,0,1,1,1,1,1,0,1,1,1,0,1,1
23,1,1.0,1,1,1,1,1,1,1,1,1,0,1,1,0,1,1,1
26,1,0.0,1,0,0,0,1,1,1,1,1,1,1,0,1,1,1,1
27,1,1.0,1,1,1,1,1,1,1,1,0,0,1,1,1,1,0,1
28,1,1.0,1,0,0,1,1,1,1,1,1,1,1,1,1,1,1,1
29,1,1.0,1,1,0,1,0,1,0,1,0,0,1,0,0,0,1,1
30,1,0.0,1,0,0,1,0,1,1,1,0,0,1,0,1,1,1,1
31,1,0.0,1,1,1,1,1,1,1,1,0,0,1,1,0,1,1,1
32,1,1.0,1,1,0,1,1,1,1,1,0,1,1,1,0,1,1,1
34,1,0.0,1,1,0,1,1,1,1,1,1,1,1,0,1,1,1,1
36,1,1.0,1,0,0,1,1,1,1,1,1,1,1,1,1,1,1,1
37,1,0.0,1,0,0,0,1,1,1,1,1,0,1,0,1,1,1,1
38,1,1.0,1,1,0,0,1,0,0,1,1,0,1,0,0,1,0,1
39,1,1.0,1,0,0,1,1,1,1,1,0,0,1,0,1,1,1,1
40,1,0.0,1,0,1,1,1,1,1,1,1,1,1,1,0,1,1,1
41,1,1.0,1,1,0,1,1,1,1,1,1,0,1,0,1,1,1,1
42,1,0.0,1,0,1,1,1,1,1,1,1,1,1,1,0,1,1,1
43,1,1.0,0,0,0,1,1,1,1,1,0,1,1,1,0,1,1,1
44,1,0.0,0,0,0,1,1,1,1,1,1,1,1,1,1,1,1,1
45,1,1.0,0,1,0,1,1,1,1,1,1,0,1,1,0,1,1,1
46,1,1.0,1,0,0,1,1,1,1,1,1,1,1,0,0,0,1,1
47,1,0.0,1,0,0,1,1,1,0,1,1,1,1,0,1,1,1,1
48,1,1.0,1,1,0,1,1,1,1,1,1,1,1,0,0,1,0,1
49,1,1.0,1,1,0,1,0,1,0,1,1,0,1,0,1,1,1,1
51,1,1.0,1,1,0,1,1,1,1,1,1,1,1,0,1,1,1,1
52,1,0.0,1,1,1,1,1,1,1,0,1,1,1,1,0,1,1,1
55,1,0.0,1,1,0,1,1,1,1,1,1,1,1,0,1,1,1,1
56,1,0.0,0,0,1,1,1,1,0,1,0,1,1,1,0,1,1,1
57,1,0.0,1,0,0,1,1,1,1,1,1,1,1,1,1,1,1,1
58,1,1.0,0,0,1,1,1,1,1,0,1,1,1,1,1,1,1,1
59,1,0.0,1,0,1,1,1,1,0,1,1,0,1,1,1,1,1,1
60,1,0.0,0,0,0,1,1,1,1,1,1,1,1,1,0,1,1,1
61,1,1.0,1,1,0,1,1,1,1,1,0,1,1,0,1,1,1,1
62,1,0.0,0,0,0,1,1,1,1,1,1,1,1,1,1,1,1,1
63,1,1.0,0,1,0,1,1,1,1,1,1,1,1,1,0,1,1,1
64,1,1.0,1,1,0,1,1,1,1,1,1,0,1,0,0,0,0,1
65,1,1.0,0,1,0,1,1,1,1,1,1,0,1,1,0,1,0,1
66,1,1.0,1,1,0,1,1,1,1,1,1,1,1,1,0,0,1,1
69,1,1.0,0,1,1,1,1,1,1,0,1,1,1,1,0,1,1,1
70,1,0.0,1,1,0,1,1,1,1,1,1,1,1,0,1,1,1,1
71,1,1.0,1,1,0,1,1,1,1,1,1,1,1,0,1,1,1,1
72,1,1.0,0,1,0,1,1,1,1,1,1,1,1,1,0,1,0,1
73,1,0.0,0,0,0,1,1,1,1,0,0,1,1,1,1,1,1,1
74,1,1.0,0,1,0,1,1,1,1,1,1,1,1,1,1,1,1,1
75,1,0.0,1,0,0,1,0,1,1,1,1,1,1,0,1,1,1,1
77,1,1.0,0,1,1,1,1,1,1,1,1,1,1,1,0,1,1,1
78,1,1.0,1,0,0,1,1,1,1,1,1,1,1,1,1,1,1,1
79,1,0.0,1,0,0,0,1,1,1,1,1,1,1,0,0,1,0,1
80,1,1.0,1,1,0,0,1,1,0,1,1,1,1,0,0,1,1,1
81,1,1.0,0,1,0,1,0,1,1,1,0,0,1,1,0,0,0,1
82,1,1.0,1,1,0,1,1,1,1,1,1,1,1,0,1,1,1,1
83,1,1.0,0,1,0,0,1,0,1,1,1,0,1,1,0,1,0,1
85,1,0.0,1,0,0,1,1,1,1,1,0,1,1,0,1,1,1,1
86,1,1.0,1,0,0,0,1,1,0,1,1,0,1,0,0,1,0,1
87,1,1.0,1,1,0,0,1,1,1,1,0,0,1,0,1,0,0,1
88,1,0.0,1,1,0,1,1,1,1,1,1,1,1,0,1,1,1,1
89,1,0.0,1,1,0,0,0,1,1,1,1,1,1,0,0,1,0,1
91,1,0.0,1,1,0,1,0,1,1,1,1,1,1,0,1,1,1,1
93,1,1.0,1,1,0,1,1,1,0,1,1,1,1,0,1,1,1,1
94,1,1.0,0,0,1,0,0,1,1,1,0,1,1,1,0,1,0,1
95,1,0.0,0,0,1,1,1,1,1,0,1,1,1,1,0,1,1,1
96,1,1.0,1,0,1,1,1,1,1,1,1,1,1,1,0,1,1,1
97,1,0.0,1,1,0,1,1,1,0,1,1,1,1,0,1,1,1,1
99,1,0.0,0,1,1,1,1,1,1,1,1,0,1,1,1,1,1,1
100,1,0.0,1,1,0,1,1,1,1,1,1,1,1,0,1,1,1,1
101,1,1.0,1,0,0,1,1,1,1,1,1,0,1,1,1,0,0,1
102,1,0.0,0,1,0,1,1,1,1,1,0,1,1,0,1,1,1,1
103,1,1.0,0,1,0,1,1,1,0,1,1,1,1,1,0,1,1,1
106,1,1.0,1,0,0,1,1,1,1,1,0,1,1,0,1,1,1,1
107,1,1.0,1,1,0,1,1,1,0,1,1,0,1,0,1,1,1,1
110,1,1.0,1,1,0,1,1,1,1,1,1,1,1,0,1,1,1,1
111,1,0.0,1,0,0,1,0,1,1,1,1,1,1,0,0,1,1,1
112,1,1.0,1,1,1,1,1,1,1,0,1,1,1,1,1,1,1,1
113,1,0.0,0,0,1,1,0,1,0,0,1,1,1,1,0,1,1,1
114,1,1.0,1,1,0,0,1,1,1,1,1,0,1,0,1,0,0,1
115,1,0.0,0,1,0,1,1,1,1,1,0,0,1,1,0,0,1,1
116,1,0.0,0,1,1,1,1,1,1,0,1,1,1,1,1,1,1,0
117,1,1.0,0,1,0,1,1,1,1,1,1,1,1,1,1,1,1,1
118,1,1.0,1,1,0,1,0,1,1,1,1,0,1,0,1,0,1,1
119,1,1.0,1,1,0,1,1,1,1,1,1,1,1,1,1,1,1,1
120,1,1.0,1,1,1,1,1,1,1,0,1,0,1,1,0,1,1,1
121,1,0.0,1,1,0,1,0,1,0,1,1,1,1,0,1,1,1,1
122,1,1.0,1,1,0,0,1,1,0,1,0,1,1,1,0,1,1,1
123,1,1.0,1,1,0,1,1,1,0,1,1,0,1,0,0,1,1,1
124,1,0.0,0,1,0,1,1,1,1,1,1,1,1,1,1,1,1,1
125,1,1.0,0,1,0,1,1,1,1,1,1,1,1,0,1,1,1,1
126,1,0.0,1,1,0,1,1,1,1,1,1,1,1,0,1,1,1,1
127,1,1.0,1,1,0,1,0,1,1,1,1,0,1,1,1,1,1,1
128,1,0.0,1,0,0,1,0,0,1,1,1,0,1,0,0,1,1,1
129,1,1.0,1,0,0,1,1,1,1,1,1,1,1,1,1,1,1,1
130,1,1.0,1,1,0,1,0,1,1,1,1,0,1,1,1,1,1,1
131,1,1.0,1,1,0,1,1,1,1,0,1,0,1,1,1,1,1,1
132,1,1.0,0,1,0,1,1,1,1,1,1,1,1,1,1,1,1,1
133,1,0.0,1,0,0,1,1,1,1,1,1,1,1,1,1,1,1,1
134,1,1.0,1,1,0,1,0,0,0,1,1,1,1,0,0,1,0,1
136,1,1.0,0,1,0,0,1,1,1,1,0,1,1,1,0,1,1,1
137,1,1.0,0,1,1,1,1,1,1,0,0,1,1,1,1,1,1,1
138,1,0.0,1,1,0,1,1,1,0,1,1,1,1,0,1,1,1,1
139,1,1.0,1,0,0,1,1,1,1,1,1,1,1,0,1,1,1,1
140,1,1.0,0,1,0,1,1,1,1,1,1,0,1,1,1,1,1,1
141,1,0.0,0,0,0,0,1,1,1,1,0,1,1,1,0,1,1,1
142,1,0.0,0,0,0,1,1,1,1,1,0,1,1,1,0,1,1,1
143,1,1.0,0,1,0,1,1,1,0,1,0,1,1,1,1,1,1,1
144,1,1.0,0,0,1,1,1,1,1,1,1,1,1,1,0,1,0,1
145,1,0.0,1,1,0,1,1,1,1,1,1,1,1,1,1,1,1,1
146,1,1.0,1,0,0,1,0,0,1,1,1,1,1,0,1,1,0,1
148,1,1.0,1,0,0,1,0,1,1,1,1,1,1,0,0,0,0,1
149,1,1.0,1,0,0,1,1,1,0,1,1,1,1,1,1,1,1,1
150,1,0.0,1,1,1,1,1,1,1,0,0,1,1,1,1,1,1,0
152,1,1.0,1,0,0,1,0,0,1,1,0,1,1,1,0,0,1,1
153,1,1.0,0,1,0,1,1,1,1,1,1,1,1,1,0,1,1,1
154,1,0.0,1,0,0,1,0,1,0,1,1,0,1,0,1,1,1,1
155,1,1.0,1,1,0,1,1,1,1,1,1,1,1,0,1,1,1,1
156,1,1.0,1,1,0,1,1,1,1,0,1,0,1,1,1,1,1,1
157,1,1.0,0,0,0,1,1,0,1,1,0,1,1,1,0,1,1,1
158,1,0.0,0,1,0,1,1,1,0,1,1,1,1,1,0,1,1,1
160,1,1.0,1,1,0,0,0,0,1,1,0,0,1,0,1,1,0,1
161,1,0.0,1,1,0,1,1,1,1,1,1,1,1,0,1,1,1,1
162,1,1.0,1,1,0,1,0,1,1,1,1,1,1,0,1,1,1,1
163,1,1.0,0,0,0,1,1,1,1,1,0,1,1,1,1,1,1,1
164,1,0.0,1,1,0,1,1,1,1,1,1,1,1,0,1,1,1,1
165,1,0.0,1,0,0,1,1,1,1,1,1,1,1,0,1,1,1,1
168,1,1.0,1,1,0,1,0,1,1,1,0,1,1,0,1,1,1,1
169,1,1.0,1,0,0,1,0,1,0,1,1,1,1,0,0,0,0,1
170,1,1.0,0,0,0,1,1,1,1,1,1,1,1,1,0,1,1,1
171,1,1.0,0,0,1,1,1,1,1,1,1,0,1,1,0,1,1,1
172,1,1.0,0,0,0,0,1,1,1,1,0,1,1,1,0,0,0,1
173,1,,1,0,1,1,1,1,1,0,1,0,1,1,0,1,1,1
174,1,1.0,1,0,0,1,1,0,1,1,1,1,1,1,0,0,1,1
175,1,0.0,1,0,0,1,1,1,0,1,0,0,1,1,1,1,1,1
176,1,0.0,1,1,0,1,1,1,1,1,1,1,1,0,1,1,1,1
177,1,1.0,1,1,0,1,1,1,1,1,1,0,1,0,1,0,1,1
178,1,1.0,1,1,0,1,1,1,0,1,1,1,1,0,1,1,1,1
179,1,1.0,0,0,0,1,1,1,1,1,1,0,1,1,0,1,0,1
180,1,0.0,1,1,0,1,1,1,1,1,1,1,1,0,1,1,1,1
181,1,1.0,1,0,0,0,0,1,1,1,1,1,1,0,0,0,0,1
182,1,0.0,1,0,1,1,1,1,1,1,1,1,1,1,1,1,1,1
183,1,1.0,0,1,1,1,1,1,1,0,1,1,1,1,1,1,1,1
184,1,0.0,0,1,1,1,1,1,1,0,0,1,1,1,1,1,1,1
185,1,0.0,1,1,0,1,1,1,1,1,1,1,1,0,1,1,1,1
186,1,1.0,1,1,0,1,1,1,1,1,1,1,1,0,1,1,1,1
187,1,0.0,0,0,0,1,1,1,1,1,0,1,1,1,0,0,1,1
188,1,1.0,1,1,0,1,0,1,1,1,1,1,1,0,1,1,1,1
189,1,1.0,1,1,0,1,1,1,0,1,1,1,1,0,1,1,1,1
192,1,1.0,1,0,0,1,1,1,1,1,0,1,1,1,0,0,1,1
193,1,1.0,0,0,0,1,1,1,1,1,1,1,1,1,0,1,1,1
194,1,0.0,0,0,0,1,1,1,1,1,1,1,1,1,1,1,1,1
195,1,1.0,0,1,1,1,1,1,1,0,1,0,1,1,1,0,0,1
198,1,0.0,0,1,1,1,1,1,1,1,1,1,1,1,1,1,1,1
199,1,0.0,1,1,0,1,0,1,1,1,0,1,1,0,1,1,1,1
200,1,1.0,1,1,0,1,1,1,1,1,1,0,1,1,0,1,0,1
203,1,0.0,0,0,0,1,1,0,1,1,0,0,1,1,0,0,0,1
204,1,1.0,1,1,0,0,0,1,1,1,1,0,1,0,1,1,1,1
205,1,1.0,1,0,0,1,1,1,1,1,1,1,1,1,1,1,1,1
206,1,1.0,1,1,0,1,1,1,0,1,1,1,1,0,1,1,1,1
207,1,1.0,1,1,0,1,1,1,1,1,1,0,1,1,1,1,1,1
208,1,0.0,1,0,0,1,1,1,1,1,1,0,1,1,0,1,0,1
211,1,1.0,0,1,0,0,1,1,1,1,0,1,1,1,0,1,0,1
213,1,0.0,0,1,0,1,1,1,1,1,1,1,1,1,1,1,1,1
214,1,0.0,1,1,0,1,1,1,1,1,0,1,1,0,1,1,1,1
215,1,1.0,1,0,0,1,0,1,0,1,1,1,1,0,1,1,1,1
216,1,1.0,1,0,0,1,1,1,1,1,1,0,1,0,1,1,0,1
217,1,1.0,1,0,1,1,1,1,1,1,1,1,1,1,1,1,1,1
218,1,0.0,0,0,1,1,1,1,1,1,1,1,1,1,1,1,1,1
219,1,0.0,1,1,0,1,1,1,0,1,1,1,1,0,0,1,0,1
220,1,1.0,0,0,1,1,1,1,1,1,0,1,1,1,1,1,1,1
221,1,0.0,1,0,0,1,0,1,1,1,1,1,1,0,1,1,1,1
222,1,1.0,1,1,0,1,0,1,1,1,0,0,1,0,1,0,0,1
223,1,1.0,1,1,0,1,1,1,0,1,1,1,1,0,1,1,1,1
224,1,0.0,1,1,0,1,0,1,0,1,0,0,1,0,1,1,1,1
225,1,0.0,0,1,0,1,1,1,1,1,1,0,1,1,0,1,1,1
227,1,1.0,1,0,0,1,1,1,1,1,1,1,1,0,1,0,1,1
228,1,1.0,1,1,0,0,0,0,1,1,1,0,1,0,0,0,1,1
229,1,0.0,1,1,0,1,1,1,0,1,1,1,1,0,1,1,1,1
231,1,1.0,0,0,0,0,1,1,1,1,1,1,1,1,1,1,1,1
232,1,1.0,0,0,1,1,0,1,1,0,1,1,1,1,1,1,1,1
234,1,0.0,0,1,0,1,1,1,1,1,1,1,1,1,1,1,1,1
235,1,1.0,1,1,0,1,0,1,0,1,0,1,1,0,1,1,1,1
236,1,1.0,1,1,0,1,0,1,1,1,1,0,1,0,1,1,1,1
237,1,0.0,0,1,0,1,1,1,1,1,0,0,1,1,1,1,1,1
238,1,1.0,0,1,1,1,1,1,1,0,1,0,1,1,0,1,1,0
239,1,1.0,1,1,0,1,1,0,1,1,1,0,1,0,1,0,0,1
240,1,1.0,0,1,0,1,1,1,1,1,0,1,1,1,0,1,1,1
241,1,1.0,0,1,1,1,1,1,1,0,1,1,1,1,0,1,1,1
242,1,0.0,1,1,0,1,0,1,1,1,1,1,1,0,1,1,1,1
243,1,1.0,1,1,0,1,1,1,0,1,1,1,1,0,1,1,1,1
244,1,1.0,1,1,0,1,1,1,1,1,0,1,1,0,1,1,1,1
246,1,0.0,1,0,0,1,0,1,0,1,1,1,1,0,1,1,0,1
247,1,1.0,0,1,0,0,1,1,0,1,0,0,1,1,0,0,1,1
248,1,1.0,1,1,0,1,1,1,1,1,1,1,1,0,1,1,1,1
249,1,0.0,0,1,1,1,1,1,1,1,1,1,1,1,1,1,1,1
250,1,1.0,0,1,0,1,1,1,0,0,1,0,1,1,0,0,1,0
251,1,1.0,0,1,1,0,1,1,1,1,0,1,1,1,0,1,1,1
252,1,0.0,1,0,0,1,1,1,0,1,1,1,1,0,1,1,1,1
253,1,0.0,0,0,1,1,1,1,0,1,0,0,1,1,0,1,0,1
256,1,0.0,0,1,0,1,1,1,1,1,1,1,1,1,1,1,1,1
257,1,1.0,0,1,1,1,1,1,1,0,1,1,1,1,1,1,1,1
258,1,1.0,1,1,0,1,1,1,1,1,1,1,1,0,1,1,1,1
259,1,1.0,0,0,1,1,1,1,1,1,1,1,1,1,0,1,1,1
261,1,1.0,1,1,0,1,1,1,0,1,1,1,1,1,1,1,1,1
263,1,1.0,1,1,0,1,1,1,0,1,0,1,1,0,1,1,0,1
264,1,1.0,1,0,0,1,0,1,0,1,0,0,1,1,0,1,0,1
265,1,1.0,0,1,1,1,1,1,1,1,1,1,1,1,0,0,1,1
266,1,1.0,1,1,1,1,1,1,1,0,1,1,1,1,1,1,1,1
267,1,1.0,1,1,0,0,0,1,0,0,0,0,1,0,1,1,0,1
268,1,1.0,1,1,0,1,1,1,1,1,1,0,1,0,1,0,1,1
269,1,0.0,1,1,0,0,1,0,0,1,1,0,1,0,1,1,1,1
271,1,0.0,1,1,0,1,1,1,1,1,1,1,1,1,1,1,1,1
272,1,1.0,1,1,0,1,1,1,1,1,1,0,1,0,0,1,1,1
273,1,1.0,1,0,1,1,1,1,1,0,1,1,1,1,1,1,1,1
274,1,1.0,0,0,1,1,1,0,1,0,1,0,1,1,0,1,1,1
275,1,0.0,0,0,0,1,1,1,1,1,1,0,1,1,0,1,1,1
278,1,0.0,1,0,0,1,1,1,0,1,1,1,1,1,0,1,0,1
280,1,1.0,1,1,0,1,0,0,1,1,1,0,1,0,0,1,0,1
281,1,1.0,1,1,0,1,1,1,1,1,0,0,1,0,1,0,1,1
282,1,0.0,1,0,0,1,1,1,1,1,1,1,1,0,1,1,1,1
283,1,1.0,1,1,0,1,1,1,0,1,1,1,1,0,1,1,0,1
284,1,0.0,1,1,0,0,0,1,0,0,1,0,1,0,0,0,0,1
285,1,1.0,0,1,1,1,1,1,1,1,1,0,1,1,1,1,1,1
286,1,0.0,1,1,0,1,1,1,0,1,1,1,1,0,1,1,1,1
287,1,1.0,1,1,0,1,1,1,1,1,1,1,1,0,1,0,1,1
288,1,1.0,0,0,0,1,1,1,0,1,1,1,1,1,1,0,1,1
290,1,0.0,0,1,1,1,1,1,1,1,1,1,1,1,0,1,1,1
292,1,1.0,1,1,0,1,1,1,0,1,1,1,1,0,1,1,1,1
293,1,1.0,1,1,0,1,0,1,1,1,1,1,1,0,1,1,1,1
294,1,1.0,1,0,0,0,1,1,1,1,0,1,1,0,1,1,1,1
296,1,1.0,1,0,0,1,1,1,0,1,1,1,1,0,1,0,1,1
297,1,1.0,0,1,0,1,1,1,1,1,1,1,1,1,1,1,1,1
298,1,1.0,0,1,0,1,1,1,1,1,0,1,1,1,1,1,1,1
300,1,1.0,1,1,0,0,1,1,0,1,1,1,1,0,1,1,1,1
301,1,1.0,1,1,0,1,0,0,1,1,1,0,1,0,1,1,0,1
303,1,1.0,1,1,0,1,1,1,1,1,1,1,1,0,1,1,1,1
304,1,1.0,1,1,0,1,1,1,0,1,1,1,1,0,1,1,1,1
305,1,1.0,1,1,0,1,1,0,1,1,1,1,1,1,0,1,1,1
306,1,0.0,1,1,0,1,1,1,1,1,1,1,1,0,1,1,1,1
307,1,0.0,0,1,0,1,1,0,0,1,1,1,1,1,0,1,0,1
308,1,0.0,1,1,0,1,0,1,1,1,1,1,1,0,1,1,1,1
309,1,1.0,1,0,0,1,1,1,1,1,1,0,1,0,1,1,1,1
311,1,0.0,1,1,0,1,1,1,1,1,1,1,1,0,1,1,1,1
312,1,0.0,1,0,0,0,1,1,0,1,0,0,1,0,1,1,1,1
313,1,1.0,1,0,0,1,1,1,1,1,1,1,1,0,1,0,1,1
315,1,0.0,1,1,0,1,1,1,1,1,1,1,1,0,1,1,1,1
317,1,0.0,1,1,0,1,0,1,1,1,1,0,1,0,0,0,0,1
318,1,0.0,0,1,1,1,1,1,0,0,1,1,1,1,1,1,1,1
321,1,1.0,0,0,0,1,1,1,1,1,0,1,1,1,0,1,1,1
322,1,1.0,1,0,0,0,0,1,0,0,1,1,1,0,0,1,1,1
324,1,1.0,0,0,0,1,1,1,1,1,1,1,1,1,0,1,1,1
325,1,0.0,1,1,0,1,1,1,1,1,1,1,1,0,1,1,1,1
326,1,1.0,1,0,0,1,1,1,1,1,0,1,1,0,1,1,1,1
327,1,0.0,0,1,0,1,1,1,0,0,0,0,1,1,0,1,1,1
328,1,0.0,1,0,0,1,0,0,1,1,1,1,1,0,1,1,1,1
329,1,0.0,1,1,0,1,1,1,0,1,1,1,1,0,1,1,1,1
330,1,1.0,1,1,0,1,0,1,1,1,0,1,1,0,1,1,1,1
331,1,0.0,1,1,0,1,1,1,0,1,1,1,1,0,1,1,1,1
332,1,1.0,0,0,0,1,1,1,1,1,1,1,1,1,0,1,1,1
333,1,0.0,1,0,1,1,1,1,1,1,1,0,1,1,0,1,1,1
334,1,0.0,0,1,1,1,0,1,1,0,0,0,1,1,1,1,1,1
335,1,0.0,1,1,0,1,1,1,0,1,1,0,1,0,0,1,1,1
336,1,0.0,1,0,0,1,1,1,1,1,1,1,1,0,1,1,1,1
337,1,1.0,1,0,0,0,0,1,1,1,1,1,1,0,1,0,0,1
338,1,1.0,1,0,0,1,1,1,1,1,1,1,1,1,0,1,0,1
339,1,1.0,1,0,0,1,0,1,0,1,1,1,1,0,0,0,0,1
340,1,1.0,1,1,0,1,1,1,1,1,1,1,1,0,0,1,1,1
341,1,1.0,1,1,0,1,1,1,0,1,1,1,1,0,1,1,1,1
343,1,0.0,1,0,0,1,1,1,0,1,1,1,1,0,1,1,1,1
344,1,1.0,1,1,0,1,0,1,1,1,0,0,1,0,0,1,0,1
345,1,1.0,0,1,0,0,0,1,1,1,1,0,1,1,0,0,0,1
346,1,1.0,1,1,0,0,1,1,1,1,1,0,1,0,0,0,1,1
349,1,0.0,1,1,0,1,1,1,1,1,1,1,1,0,1,1,1,1
350,1,0.0,0,1,1,1,1,1,1,0,1,1,1,1,1,1,1,1
351,1,1.0,1,1,0,1,1,1,1,1,1,1,1,0,1,1,0,1
352,1,0.0,0,1,0,1,1,1,0,0,1,0,1,1,0,1,1,1
356,1,0.0,1,0,0,1,1,1,1,1,0,0,1,0,1,1,0,1
357,1,0.0,1,1,0,0,0,1,1,1,0,1,1,0,1,1,0,1
358,1,0.0,1,1,0,1,1,1,1,1,0,1,1,0,1,1,1,1
359,1,0.0,1,1,0,1,1,1,1,1,1,1,1,0,1,1,1,1
361,1,1.0,1,0,0,1,1,0,1,1,1,1,1,1,1,1,1,1
362,1,1.0,1,1,0,1,1,1,1,1,1,0,1,1,0,0,1,1
363,1,0.0,1,1,0,0,0,0,0,1,1,0,1,0,1,1,0,1
365,1,0.0,1,0,0,1,0,1,1,1,1,1,1,0,1,1,1,1
366,1,1.0,1,1,0,0,0,1,0,1,1,1,1,0,1,1,0,1
367,1,1.0,0,1,0,1,1,1,1,1,0,1,1,1,0,1,1,1
368,1,1.0,1,1,0,1,0,1,0,1,1,1,1,0,1,1,1,1
369,1,1.0,1,1,0,1,1,1,1,1,1,1,1,0,1,1,1,1
370,1,0.0,1,0,0,1,1,1,0,1,1,1,1,0,1,1,1,1
371,1,1.0,1,1,0,1,1,0,0,1,1,0,1,0,1,0,0,1
372,1,1.0,1,1,0,1,1,1,1,1,1,1,1,0,1,1,1,1
373,1,1.0,0,1,1,1,1,1,1,0,1,1,1,1,1,1,1,1
374,1,0.0,1,0,0,1,0,1,1,1,1,1,1,0,1,1,1,1
375,1,1.0,1,1,0,0,1,1,1,1,0,0,1,1,0,1,1,1
378,1,1.0,0,0,1,1,1,1,1,0,1,1,1,1,1,1,1,1
380,1,0.0,1,0,1,0,0,1,1,1,1,1,1,1,0,1,1,1
382,1,0.0,1,0,0,1,1,1,0,1,1,1,1,0,1,1,1,1
383,1,0.0,1,1,1,1,1,1,1,1,1,1,1,1,1,1,1,1
384,1,0.0,0,0,0,1,1,1,0,0,0,1,1,1,1,1,1,1
385,1,0.0,1,1,0,1,1,1,0,1,1,1,1,0,1,1,1,1
386,1,0.0,1,0,0,1,1,1,1,1,1,1,1,0,1,1,1,1
387,1,1.0,1,1,0,1,1,1,1,1,1,0,1,0,1,1,1,1
388,1,1.0,1,1,0,1,1,1,1,1,1,1,1,1,1,1,1,1
391,1,1.0,1,1,0,1,1,1,1,1,1,1,1,0,1,1,1,1
393,1,1.0,0,1,0,1,1,1,1,1,0,0,1,1,0,0,0,1
395,1,1.0,1,0,0,1,0,1,1,1,1,1,1,0,0,0,1,1
396,1,0.0,0,0,0,0,0,1,0,1,1,1,1,1,1,1,1,1
397,1,1.0,0,1,0,1,1,1,0,0,1,1,1,1,0,1,1,0
398,1,1.0,0,0,0,0,1,1,1,1,0,1,1,1,0,0,0,1
400,1,1.0,1,1,0,1,1,1,0,1,1,0,1,0,0,0,0,1
401,1,0.0,1,1,0,1,1,1,0,1,0,1,1,0,1,1,1,1
402,1,0.0,1,0,0,1,1,1,1,1,0,0,1,0,1,1,1,1
403,1,1.0,1,1,0,1,1,1,1,1,1,1,1,0,1,1,1,1
404,1,1.0,1,1,0,0,0,1,1,1,0,0,1,0,0,0,0,1
405,1,0.0,0,0,0,1,1,1,0,1,0,1,1,1,1,1,1,1
407,1,1.0,0,1,1,1,1,1,0,0,1,1,1,1,1,1,1,1
408,1,0.0,0,1,0,0,0,1,1,1,1,0,1,1,0,0,0,1
409,1,0.0,1,1,0,1,1,1,0,1,0,0,1,0,1,1,1,1
410,1,0.0,1,1,0,1,1,1,1,1,1,0,1,0,1,1,1,1
411,1,1.0,1,1,0,1,1,0,0,1,1,1,1,0,1,1,1,1
414,1,1.0,1,0,0,1,0,1,1,1,1,1,1,0,1,0,0,1
415,1,1.0,1,1,0,1,1,1,1,1,1,1,1,0,1,1,1,1
416,1,1.0,1,1,0,1,0,0,0,1,1,0,1,0,1,0,0,1
417,1,0.0,1,0,0,1,1,1,1,1,0,1,1,0,1,1,0,1
419,1,0.0,0,0,1,1,1,1,0,1,1,1,1,1,0,1,1,1
420,1,1.0,1,1,0,1,0,1,1,1,1,1,1,0,1,1,0,1
421,1,1.0,0,0,0,0,1,1,1,1,1,1,1,1,0,1,0,1
422,1,1.0,1,0,0,0,1,0,1,1,1,1,1,0,1,1,1,1
423,1,1.0,1,1,0,1,1,1,1,1,1,1,1,1,1,1,1,1
424,1,0.0,1,1,0,1,0,1,1,1,1,1,1,0,1,1,1,1
425,1,0.0,1,0,0,1,1,1,1,1,1,1,1,1,1,0,1,1
426,1,1.0,1,0,0,0,1,1,1,1,1,0,1,0,1,0,1,1
427,1,1.0,1,1,0,1,1,0,0,1,1,0,1,0,1,1,0,1
428,1,0.0,0,0,0,1,1,1,0,1,1,0,1,1,0,1,1,1
430,1,0.0,0,1,1,1,1,1,1,1,0,1,1,1,1,1,1,1
431,1,0.0,1,0,0,1,1,1,0,1,1,1,1,0,1,1,1,1
432,1,0.0,1,1,0,1,1,1,0,1,1,1,1,0,1,1,1,1
433,1,1.0,1,1,0,1,1,1,1,1,1,1,1,0,1,1,1,1
434,1,1.0,1,1,0,1,1,1,1,1,1,1,1,0,1,1,1,1
435,1,0.0,0,1,0,0,1,1,1,1,1,0,1,1,1,1,0,1
437,1,0.0,0,1,0,1,1,1,1,1,1,1,1,0,1,1,1,1
438,1,0.0,1,1,0,1,1,1,1,1,1,1,1,0,1,1,1,1
440,1,0.0,0,1,1,1,1,1,0,0,1,1,1,1,1,1,1,1
441,1,1.0,1,1,0,1,1,1,1,1,1,1,1,0,1,1,1,1
442,1,1.0,0,1,1,1,1,1,1,1,1,1,1,1,1,1,1,1
444,1,1.0,1,0,0,1,1,1,0,1,1,0,1,0,1,0,0,1
446,1,0.0,0,1,0,1,1,1,0,1,0,1,1,1,1,1,1,1
447,1,1.0,0,0,0,1,1,1,1,1,0,1,1,1,0,1,1,1
448,1,1.0,1,0,0,1,0,1,1,1,1,1,1,0,1,1,1,1
449,1,0.0,1,1,0,1,1,1,1,1,1,1,1,1,1,1,1,1
450,1,0.0,1,1,0,1,0,0,1,1,1,0,1,0,1,0,1,1
451,1,1.0,1,1,0,0,0,1,0,1,1,1,1,0,0,0,1,1
452,1,0.0,1,0,0,1,0,1,1,1,0,1,1,0,1,1,1,1
453,1,1.0,1,0,0,0,1,0,1,1,1,0,1,0,1,0,0,1
454,1,1.0,1,1,0,1,1,1,1,1,1,1,1,0,1,1,1,1
455,1,0.0,0,0,1,1,1,1,0,1,0,1,1,1,0,1,1,1
456,1,1.0,1,0,0,1,0,1,1,1,1,0,1,0,1,0,0,1
457,1,1.0,1,1,1,1,1,1,1,0,0,0,1,1,0,1,1,1
458,1,1.0,1,0,0,0,0,1,1,1,1,1,1,1,0,0,0,1
460,1,1.0,1,1,0,0,1,1,1,1,0,1,1,0,1,0,1,1
461,1,1.0,1,0,0,0,1,1,0,1,1,0,1,0,0,1,1,1
462,1,1.0,1,1,0,1,0,1,0,1,1,1,1,0,0,1,0,1
463,1,1.0,1,1,0,1,1,1,1,1,1,1,1,1,0,1,1,1
464,1,0.0,1,1,0,1,1,1,1,1,1,1,1,0,1,1,1,1
465,1,0.0,1,1,0,1,1,1,1,1,1,1,1,0,1,1,1,1
466,1,1.0,1,1,0,1,1,1,1,1,1,1,1,0,1,1,1,1
467,1,1.0,1,1,0,1,1,1,1,1,1,0,1,1,0,1,0,1
468,1,1.0,1,0,0,1,0,1,1,1,1,1,1,1,0,0,1,1
469,1,1.0,1,1,0,0,1,1,0,1,0,0,1,0,1,0,0,1
470,1,0.0,0,1,1,1,1,1,0,1,1,1,1,1,1,1,1,1
471,1,1.0,0,0,0,0,0,1,1,1,0,1,1,1,1,0,1,1
472,1,1.0,1,1,0,1,1,1,0,1,0,1,1,1,1,1,1,1
473,1,0.0,1,0,0,1,0,1,1,1,1,1,1,0,1,1,1,1
474,1,1.0,0,0,0,1,1,1,1,0,1,1,1,1,0,1,1,1
475,1,1.0,0,1,0,0,1,1,1,1,1,1,1,1,0,0,0,1
476,1,0.0,0,0,1,1,1,1,1,0,1,0,1,1,0,1,1,1
477,1,1.0,1,1,0,1,0,1,0,1,1,0,1,0,1,0,0,1
478,1,1.0,0,1,0,1,1,1,1,1,1,1,1,1,1,1,1,1
480,1,1.0,1,1,0,1,0,0,0,1,1,0,1,0,1,0,0,1
481,1,1.0,1,0,0,1,1,1,0,1,1,1,1,0,1,1,1,1
482,1,0.0,0,1,0,1,1,1,1,1,0,1,1,1,1,1,1,1
483,1,0.0,1,0,0,0,0,1,0,1,1,1,1,0,0,1,1,1
484,1,0.0,1,1,0,1,1,1,0,1,1,1,1,0,1,1,1,1
486,1,1.0,1,0,0,1,1,0,0,1,1,0,1,0,1,0,1,1
487,1,1.0,1,1,0,1,1,1,1,1,1,1,1,0,1,1,1,1
488,1,1.0,1,1,0,1,1,0,0,1,1,1,1,0,1,1,1,1
489,1,0.0,1,0,0,1,0,1,0,1,1,1,1,0,1,1,1,1
490,1,1.0,0,1,0,0,1,1,1,1,1,0,1,1,0,0,1,1
491,1,1.0,1,0,0,0,0,1,1,1,1,1,1,0,0,0,0,1
492,1,1.0,0,1,0,1,1,1,0,1,0,0,1,1,0,1,0,1
493,1,0.0,1,1,0,1,0,1,1,1,1,1,1,0,1,1,1,1
494,1,0.0,0,1,0,1,1,1,1,1,0,1,1,1,0,1,1,1
495,1,1.0,1,1,0,1,1,1,1,1,0,0,1,0,1,0,1,1
496,1,1.0,1,1,0,1,1,1,1,1,1,1,1,0,1,1,1,1
498,1,1.0,1,1,0,1,1,1,1,1,1,1,1,0,1,1,1,1
499,1,1.0,1,0,1,1,1,1,1,0,1,0,1,1,1,0,1,1
0,2,0.0,0,0,1,1,1,1,0,1,1,1,1,1,1,1,1,1
1,2,0.0,1,1,0,1,1,1,1,1,1,1,1,0,1,1,1,1
2,2,1.0,1,1,0,0,0,1,1,1,1,1,1,0,1,0,0,1
5,2,0.0,0,1,1,1,1,1,0,1,1,1,1,1,1,1,1,1
6,2,1.0,1,0,1,1,1,1,1,0,1,1,1,1,0,1,0,1
7,2,0.0,1,1,0,1,1,1,0,1,1,0,1,0,1,1,1,1
8,2,1.0,1,1,0,1,1,1,1,1,1,1,1,0,1,1,0,1
9,2,1.0,1,1,0,1,1,1,1,1,1,1,1,0,1,1,1,1
10,2,0.0,1,1,1,1,1,1,1,1,0,1,1,0,1,1,1,1
11,2,1.0,1,1,1,1,1,1,1,1,1,1,1,1,1,1,1,1
13,2,0.0,1,1,0,1,1,1,1,1,1,1,1,0,1,1,1,1
16,2,1.0,1,0,1,1,1,1,1,0,1,0,1,1,0,1,1,1
17,2,0.0,1,1,1,1,1,1,1,0,1,1,1,1,1,1,1,1
18,2,1.0,1,1,0,1,1,1,1,1,1,1,1,1,1,1,1,1
19,2,1.0,1,1,0,1,0,1,1,1,1,1,1,0,1,1,1,1
20,2,1.0,1,1,0,0,1,1,0,1,1,1,1,0,1,0,0,1
21,2,0.0,0,1,1,1,1,1,1,1,0,1,1,1,1,1,1,1
22,2,0.0,0,0,1,1,1,1,0,1,1,1,1,1,0,1,0,1
23,2,1.0,1,0,0,0,1,1,0,1,1,0,1,0,0,0,0,1
26,2,0.0,1,0,0,1,1,1,1,1,1,1,1,0,1,1,1,1
27,2,1.0,1,0,0,1,1,1,1,1,0,0,1,1,0,1,1,1
28,2,0.0,0,0,1,1,0,1,1,1,0,0,1,1,1,1,1,1
29,2,0.0,0,1,1,1,1,1,0,1,0,1,1,1,1,1,1,1
30,2,1.0,1,1,0,1,1,1,1,1,1,1,1,0,1,1,0,1
31,2,0.0,0,1,1,1,1,1,1,0,0,1,1,1,1,1,1,1
32,2,0.0,0,0,1,1,1,1,1,1,0,1,1,1,1,1,1,1
34,2,1.0,1,0,0,1,0,0,1,1,1,1,1,0,1,1,1,1
36,2,0.0,0,0,1,1,1,1,1,0,1,1,1,1,1,1,1,1
37,2,1.0,1,0,0,1,0,1,1,1,1,1,1,1,0,1,0,1
38,2,1.0,1,0,0,0,0,0,0,1,1,1,1,0,0,0,1,1
39,2,1.0,1,1,1,1,1,1,1,1,1,1,1,1,1,1,1,1
40,2,1.0,0,1,1,1,1,1,0,1,0,1,1,1,1,1,1,1
41,2,1.0,1,1,0,1,0,1,0,1,1,0,1,0,1,0,1,1
44,2,0.0,0,0,1,1,1,1,0,1,0,1,1,1,0,1,1,1
45,2,1.0,0,0,1,1,1,1,0,0,0,0,1,1,0,1,1,1
46,2,1.0,1,1,0,1,1,1,0,1,1,0,1,0,0,0,0,1
47,2,1.0,1,1,0,1,0,1,1,1,1,1,1,0,1,1,1,1
48,2,0.0,1,1,0,1,1,1,1,1,1,1,1,0,1,1,1,1
49,2,1.0,1,1,0,1,1,1,1,0,1,0,1,1,1,1,1,1
51,2,0.0,1,1,0,1,0,1,0,1,1,1,1,0,1,1,1,1
52,2,0.0,0,0,1,1,1,1,0,0,1,1,1,1,1,1,1,1
55,2,1.0,1,1,0,1,1,1,1,1,0,1,1,0,1,0,1,1
56,2,0.0,0,1,1,1,1,1,1,1,0,1,1,1,1,1,1,1
57,2,0.0,0,0,1,1,1,1,1,1,1,0,1,1,0,1,1,1
58,2,0.0,0,1,1,1,1,1,1,0,1,1,1,1,1,1,1,1
59,2,1.0,1,1,1,1,1,1,1,1,1,1,1,1,1,1,1,0
60,2,1.0,0,1,1,1,1,1,1,1,1,1,1,1,1,1,1,1
61,2,1.0,1,1,0,1,1,1,1,1,1,0,1,0,1,1,1,1
62,2,0.0,0,0,1,1,1,0,1,1,0,0,1,1,0,1,0,1
63,2,1.0,1,0,1,1,1,1,1,1,0,1,1,1,1,1,1,1
64,2,1.0,1,0,0,1,1,1,1,1,1,1,1,0,1,0,1,1
65,2,1.0,0,1,0,1,1,1,1,1,1,0,1,1,0,1,1,1
66,2,0.0,0,1,1,1,1,1,1,0,1,1,1,1,1,1,1,1
68,2,1.0,1,0,0,1,1,1,0,1,0,1,1,0,1,1,1,1
69,2,0.0,0,1,1,1,1,1,0,0,1,1,1,1,1,1,1,1
70,2,1.0,1,0,0,1,1,1,1,1,1,0,1,0,1,1,1,1
71,2,1.0,1,0,0,1,0,1,1,1,1,1,1,0,1,1,1,1
72,2,1.0,1,0,0,1,1,1,1,1,1,0,1,0,1,1,0,1
73,2,1.0,1,1,0,1,0,1,1,1,1,1,1,0,1,1,0,1
74,2,1.0,0,1,1,1,0,1,1,1,0,0,1,1,0,1,1,1
75,2,0.0,1,1,0,1,1,1,1,1,1,1,1,0,1,1,1,1
77,2,0.0,1,0,0,1,1,1,1,1,1,1,1,0,1,1,1,1
78,2,0.0,1,0,0,1,1,1,0,1,0,0,1,0,1,0,1,1
79,2,1.0,1,1,0,1,1,1,0,1,1,1,1,0,1,1,1,1
80,2,0.0,1,0,1,1,1,1,1,1,1,1,1,0,1,1,0,1
81,2,1.0,1,0,0,0,1,1,0,1,0,1,1,0,1,0,0,1
82,2,1.0,1,0,0,1,1,1,1,1,1,1,1,0,1,0,0,1
83,2,1.0,0,1,0,1,0,0,1,1,0,0,1,1,0,0,1,1
85,2,0.0,1,1,0,1,0,1,1,1,1,0,1,0,1,1,1,1
86,2,0.0,1,0,1,1,0,0,1,1,1,0,1,0,1,1,1,1
87,2,1.0,1,1,1,1,1,1,1,1,1,1,1,1,1,1,1,1
88,2,1.0,1,0,0,1,0,1,1,1,0,1,1,0,1,1,1,1
89,2,0.0,1,0,0,0,0,1,1,1,1,1,1,0,0,1,1,1
91,2,0.0,1,0,0,0,0,1,1,0,1,1,1,0,1,1,1,1
93,2,1.0,1,1,1,1,1,1,1,1,1,1,1,1,1,1,1,1
94,2,1.0,1,1,0,0,1,1,0,1,0,1,1,0,1,1,1,1
95,2,0.0,1,0,1,1,1,1,0,1,0,1,1,1,0,1,1,1
96,2,1.0,1,0,1,1,1,1,1,1,1,1,1,1,0,1,1,1
97,2,0.0,1,1,0,1,1,1,1,1,0,1,1,0,1,1,1,1
98,2,0.0,1,0,1,1,1,1,1,1,1,1,1,1,0,1,1,1
99,2,1.0,1,1,1,1,1,1,1,0,1,1,1,1,0,1,1,1
100,2,0.0,1,1,0,1,1,1,0,1,1,1,1,0,1,1,1,1
101,2,1.0,0,1,0,1,1,1,1,1,1,1,1,1,1,1,1,1
102,2,1.0,0,0,1,1,1,1,1,1,1,1,1,1,1,1,1,1
103,2,1.0,0,1,1,1,1,1,0,1,1,0,1,1,0,1,1,1
106,2,1.0,1,0,0,1,0,1,1,1,1,0,1,0,1,0,1,1
107,2,0.0,1,1,0,1,0,1,0,1,1,1,1,0,1,1,1,1
110,2,1.0,1,1,0,0,0,1,0,1,0,1,1,0,0,1,0,1
111,2,0.0,1,1,1,1,1,1,0,1,1,1,1,0,1,1,1,1
112,2,0.0,0,0,1,1,1,1,1,0,1,1,1,1,0,1,1,1
113,2,1.0,0,1,1,1,1,1,1,0,1,1,1,1,1,1,1,1
114,2,0.0,1,1,1,1,1,1,1,0,0,0,1,1,1,1,1,1
115,2,1.0,0,1,1,1,1,1,1,1,0,1,1,1,1,1,1,1
116,2,0.0,0,0,1,1,1,1,1,1,0,0,1,1,1,1,1,1
117,2,1.0,1,1,0,1,1,1,1,1,1,1,1,0,1,1,0,1
118,2,0.0,1,1,0,1,1,1,1,1,1,0,1,0,1,1,1,1
119,2,1.0,1,1,0,1,0,1,1,1,1,1,1,0,1,1,1,1
120,2,0.0,0,0,1,1,1,1,1,0,1,1,1,1,0,1,1,1
121,2,0.0,0,0,1,1,1,1,1,1,0,1,1,1,1,1,1,1
122,2,0.0,1,1,0,1,0,1,1,1,1,1,1,0,1,1,1,1
123,2,1.0,1,1,0,1,1,1,1,1,1,1,1,0,1,1,1,1
125,2,0.0,0,0,0,1,1,1,1,1,1,1,1,0,1,1,1,1
126,2,1.0,1,1,0,1,1,1,1,1,1,0,1,0,1,0,1,1
127,2,1.0,1,1,0,0,1,1,1,1,1,0,1,0,1,1,0,1
128,2,0.0,1,0,0,1,1,1,1,1,1,1,1,0,1,1,1,1
129,2,0.0,1,1,0,1,0,1,1,1,0,1,1,0,1,1,1,1
130,2,1.0,1,0,0,1,0,0,1,1,1,0,1,0,1,1,1,1
131,2,1.0,1,1,1,1,1,1,1,0,0,0,1,1,1,1,1,1
132,2,0.0,1,1,1,1,1,1,1,1,1,1,1,1,1,1,1,1
133,2,1.0,1,0,0,1,1,1,0,1,1,1,1,0,1,0,0,1
134,2,1.0,1,1,0,1,0,0,0,1,1,1,1,0,1,1,0,1
136,2,1.0,1,1,0,1,0,1,1,1,1,1,1,0,1,1,1,1
137,2,0.0,0,0,1,1,0,1,1,1,0,1,1,1,1,1,1,1
138,2,0.0,1,1,0,1,1,1,1,1,1,1,1,0,0,1,1,1
139,2,0.0,1,1,0,1,1,1,1,1,1,1,1,0,1,1,1,1
140,2,1.0,0,1,0,1,1,1,0,1,0,1,1,1,1,1,1,1
141,2,1.0,0,1,1,1,1,1,1,1,1,1,1,1,1,1,1,1
142,2,0.0,0,1,1,0,1,1,0,1,1,0,1,1,0,1,1,1
143,2,1.0,1,1,0,1,1,1,0,1,1,1,1,0,0,1,0,1
144,2,1.0,1,0,0,1,0,1,1,1,1,1,1,0,1,1,1,1
145,2,0.0,0,1,1,1,0,1,0,1,1,1,1,1,1,1,1,1
146,2,1.0,1,1,0,0,1,1,1,1,0,0,1,0,1,1,0,1
148,2,1.0,1,1,0,1,1,1,0,1,1,1,1,0,1,1,1,1
149,2,1.0,1,1,0,1,1,1,0,1,0,1,1,0,1,1,1,1
150,2,1.0,1,1,1,1,1,1,1,0,1,0,1,1,0,1,1,1
152,2,1.0,1,1,0,1,0,1,1,1,0,1,1,0,1,1,1,1
153,2,1.0,0,0,0,0,0,0,1,1,1,1,1,1,0,1,1,1
154,2,1.0,1,1,0,1,1,1,1,1,1,0,1,0,1,1,1,1
155,2,1.0,1,0,0,1,0,1,0,1,1,0,1,0,1,1,1,1
156,2,0.0,1,0,0,1,1,1,1,1,1,0,1,1,1,1,1,1
157,2,0.0,1,0,0,1,0,1,0,1,0,0,1,0,1,1,1,1
158,2,1.0,1,1,1,1,1,1,0,1,1,1,1,1,1,1,1,1
160,2,1.0,1,1,0,0,0,1,1,1,1,0,1,0,0,0,0,1
161,2,0.0,0,0,1,1,1,1,1,1,1,1,1,1,0,1,1,1
162,2,1.0,1,0,0,1,1,0,1,1,0,1,1,0,1,0,1,1
163,2,0.0,1,1,0,1,0,1,1,1,1,1,1,0,1,1,1,1
164,2,0.0,1,0,0,1,0,1,1,1,1,0,1,0,1,1,1,1
165,2,1.0,1,0,0,1,0,0,1,1,1,1,1,0,1,1,1,1
168,2,1.0,1,0,0,1,0,1,1,1,1,1,1,0,1,1,1,1
169,2,0.0,1,0,0,1,0,1,0,1,1,1,1,0,1,1,1,1
170,2,1.0,1,1,0,1,1,1,1,1,1,1,1,1,1,1,1,1
171,2,0.0,1,1,1,1,1,1,1,1,0,1,1,1,0,1,1,1
172,2,0.0,0,1,1,1,1,1,0,1,1,1,1,1,1,1,1,1
173,2,1.0,1,1,1,1,1,1,1,0,1,1,1,1,0,1,1,1
174,2,1.0,1,1,1,1,1,1,1,1,0,1,1,1,1,1,1,1
175,2,1.0,1,1,0,1,1,1,1,1,1,1,1,0,1,1,1,1
176,2,0.0,0,1,1,1,1,1,1,1,0,1,1,1,1,1,1,1
177,2,0.0,1,1,0,1,1,1,1,1,1,1,1,0,1,1,1,1
178,2,0.0,1,1,1,1,0,1,0,1,1,1,1,0,1,1,1,1
179,2,1.0,0,0,1,1,1,1,1,1,1,1,1,1,1,1,1,1
180,2,1.0,1,0,0,1,0,1,1,1,1,1,1,0,1,1,1,1
181,2,0.0,1,0,1,1,1,1,1,1,1,1,1,1,1,1,1,1
182,2,1.0,0,1,1,1,1,1,1,1,0,1,1,1,1,1,1,1
183,2,0.0,0,1,1,1,1,1,0,0,1,0,1,1,1,1,1,1
184,2,1.0,1,1,1,1,1,1,1,0,1,1,1,1,0,1,1,1
185,2,0.0,1,0,0,1,0,1,1,1,1,0,1,0,1,1,1,1
186,2,1.0,1,1,0,1,1,1,1,1,0,1,1,0,1,1,1,1
187,2,1.0,1,1,0,1,1,1,0,1,1,0,1,0,1,0,0,1
188,2,0.0,1,1,0,1,1,1,1,1,1,1,1,0,1,1,1,1
189,2,1.0,1,0,0,1,1,1,1,1,1,1,1,0,1,1,1,1
192,2,1.0,1,1,0,1,1,1,1,1,0,0,1,0,1,1,1,1
193,2,1.0,0,1,0,0,1,1,1,1,1,1,1,1,0,1,1,1
194,2,1.0,1,1,1,1,1,1,0,0,1,1,1,1,0,0,1,1
195,2,0.0,1,0,0,1,0,1,1,1,1,1,1,0,1,1,1,1
198,2,0.0,0,1,1,1,1,1,1,1,1,1,1,1,1,1,1,1
199,2,0.0,1,1,0,1,1,1,1,1,0,1,1,0,1,1,1,1
200,2,1.0,1,1,0,1,1,1,1,1,1,1,1,0,1,1,1,1
203,2,0.0,1,1,0,1,1,1,1,1,0,0,1,0,1,1,1,1
204,2,0.0,1,1,0,1,1,1,1,1,1,0,1,0,1,1,1,1
205,2,1.0,0,1,1,1,1,1,0,1,0,0,1,1,0,0,1,1
206,2,1.0,1,0,0,1,1,1,0,1,1,1,1,0,1,0,0,1
207,2,0.0,0,1,1,1,0,1,0,1,1,1,1,1,1,1,1,1
208,2,0.0,1,1,0,1,1,1,1,1,1,1,1,0,1,1,1,1
211,2,0.0,0,0,1,0,1,1,1,1,0,1,1,1,0,1,1,1
213,2,0.0,0,1,1,1,1,0,1,1,0,0,1,1,0,1,1,1
214,2,1.0,1,1,0,1,1,1,0,1,0,1,1,0,1,1,0,1
215,2,1.0,1,0,0,1,0,1,1,1,1,1,1,0,1,1,1,1
216,2,0.0,0,0,1,1,1,1,1,1,1,1,1,1,0,1,1,1
218,2,0.0,1,1,1,1,1,1,1,0,1,1,1,1,1,1,1,1
219,2,0.0,1,0,0,1,1,1,0,1,0,1,1,0,1,1,1,1
220,2,1.0,0,0,1,1,1,1,1,1,0,1,1,1,1,1,1,1
221,2,1.0,1,1,0,1,1,1,1,1,1,0,1,0,1,1,1,1
222,2,1.0,1,1,0,1,0,1,1,1,1,0,1,0,1,1,1,1
223,2,0.0,1,0,0,1,0,1,1,1,1,1,1,0,1,1,1,1
224,2,0.0,1,0,0,1,1,1,0,1,1,1,1,0,1,1,1,1
225,2,0.0,1,0,0,1,1,1,0,1,1,1,1,0,1,1,1,1
227,2,1.0,1,1,0,1,1,1,1,1,1,1,1,0,1,1,1,1
228,2,1.0,1,1,0,0,1,1,1,1,1,1,1,0,1,1,1,1
229,2,0.0,1,0,0,1,1,1,1,1,1,1,1,0,1,1,1,1
231,2,1.0,1,1,0,0,0,0,1,1,1,1,1,1,1,1,0,1
232,2,1.0,0,1,1,1,1,1,1,1,1,1,1,1,1,1,1,1
233,2,1.0,1,1,0,1,1,1,1,1,1,1,1,0,1,1,1,1
234,2,0.0,0,1,1,1,1,1,1,1,1,1,1,1,1,1,1,1
236,2,1.0,1,1,0,1,0,1,1,1,1,1,1,0,1,1,1,1
237,2,1.0,0,1,1,1,1,1,0,0,1,1,1,1,1,1,1,1
238,2,1.0,0,1,1,1,1,1,1,0,1,1,1,1,1,1,1,1
239,2,1.0,1,0,0,1,0,1,1,1,1,0,1,0,1,0,1,1
240,2,1.0,1,1,0,1,1,1,1,1,0,1,1,1,1,1,1,1
241,2,0.0,0,0,1,1,1,1,1,0,0,1,1,1,1,0,1,1
242,2,0.0,1,1,0,1,0,1,1,1,1,0,1,0,1,1,1,1
244,2,0.0,1,0,0,1,1,1,1,1,1,1,1,0,1,1,1,1
246,2,1.0,1,1,0,1,1,1,1,1,1,0,1,0,1,1,1,1
247,2,1.0,1,1,0,1,1,1,1,1,1,1,1,0,1,1,1,1
248,2,0.0,1,1,0,0,0,0,1,1,1,0,1,0,0,1,0,1
249,2,1.0,0,1,0,0,1,1,1,0,1,0,1,1,1,0,1,1
250,2,0.0,1,1,1,1,1,1,1,0,1,0,1,1,1,1,1,1
251,2,0.0,1,0,0,1,1,1,1,1,0,1,1,0,1,1,1,1
252,2,0.0,0,1,0,1,1,1,0,1,1,1,1,1,1,1,1,1
256,2,0.0,1,0,0,1,0,1,1,1,1,1,1,0,1,1,1,1
257,2,1.0,1,0,0,1,0,1,1,1,1,1,1,0,0,0,0,1
258,2,1.0,1,0,0,1,1,1,0,1,1,1,1,0,0,1,1,1
259,2,1.0,1,1,0,1,1,1,1,1,1,1,1,0,1,1,1,1
260,2,1.0,0,1,0,1,1,1,1,1,0,1,1,1,0,1,1,1
261,2,1.0,0,1,1,1,1,1,1,1,1,1,1,1,1,1,0,1
262,2,0.0,1,0,0,1,0,1,1,1,1,1,1,0,1,1,1,1
263,2,1.0,1,0,0,1,1,1,0,1,1,1,1,0,0,1,0,1
264,2,0.0,1,1,0,1,1,1,0,1,1,1,1,0,1,1,1,1
265,2,0.0,0,0,0,1,1,1,1,1,1,1,1,1,1,1,1,1
266,2,0.0,1,0,0,0,1,1,0,1,1,1,1,0,1,1,1,1
267,2,1.0,1,0,0,1,1,1,1,1,1,0,1,0,1,1,0,1
268,2,1.0,0,1,0,1,1,1,1,1,1,0,1,1,1,1,1,1
269,2,1.0,1,0,0,1,0,1,1,1,1,0,1,0,1,1,1,1
271,2,0.0,1,0,0,1,1,0,1,1,1,1,1,1,1,1,1,1
272,2,1.0,1,1,1,1,1,1,1,1,1,1,1,1,1,1,1,1
273,2,1.0,0,1,1,1,1,1,1,1,1,0,1,1,1,1,1,1
274,2,0.0,0,0,1,1,1,1,0,1,0,1,1,1,0,1,1,1
275,2,0.0,0,0,1,1,1,1,1,1,0,0,1,1,0,0,1,1
276,2,1.0,1,1,1,1,1,1,1,1,0,1,1,1,0,1,1,1
278,2,1.0,1,1,0,1,1,1,0,1,0,0,1,0,1,1,1,1
280,2,1.0,1,0,0,1,1,1,1,1,1,1,1,0,1,1,1,1
281,2,0.0,1,1,0,1,0,1,1,1,1,1,1,0,1,1,1,1
282,2,0.0,1,1,0,1,1,1,0,1,1,1,1,0,1,1,1,1
283,2,0.0,1,1,0,1,1,1,1,1,1,1,1,0,1,1,1,1
284,2,1.0,1,0,0,0,0,1,0,0,1,1,1,0,1,1,0,1
285,2,0.0,0,0,1,1,1,1,1,1,1,0,1,1,1,1,1,1
286,2,0.0,1,1,0,0,1,0,0,1,0,0,1,0,1,0,1,1
287,2,1.0,1,0,0,1,1,1,1,1,1,1,1,0,1,1,1,1
288,2,0.0,1,1,0,1,1,1,1,1,1,1,1,0,1,1,1,1
290,2,0.0,0,1,1,1,1,1,1,0,1,1,1,1,1,1,1,1
292,2,0.0,1,1,0,1,1,1,1,1,1,1,1,0,1,1,1,1
293,2,1.0,1,0,0,1,1,1,0,1,1,0,1,0,1,1,0,1
294,2,1.0,0,1,1,1,1,1,0,1,1,1,1,1,1,1,1,1
296,2,1.0,1,1,0,1,0,1,1,1,0,0,1,0,1,1,1,1
297,2,1.0,1,0,0,1,1,1,1,1,1,1,1,0,1,1,1,1
298,2,0.0,0,0,1,1,1,1,1,1,0,1,1,1,0,1,1,1
300,2,1.0,1,1,0,1,1,1,1,1,1,1,1,1,1,0,1,1
301,2,1.0,0,1,1,1,1,1,1,1,0,1,1,1,1,1,1,1
303,2,1.0,1,1,0,0,0,1,0,1,0,0,1,0,0,0,1,1
304,2,1.0,1,0,0,0,0,1,0,1,1,1,1,0,1,1,1,1
305,2,0.0,0,1,1,1,1,1,0,1,1,1,1,1,0,1,1,1
306,2,0.0,1,0,0,1,0,1,1,1,0,1,1,0,1,1,1,1
307,2,0.0,0,0,1,1,1,1,0,1,0,1,1,1,1,1,1,1
308,2,0.0,1,0,0,1,1,1,1,1,1,1,1,0,1,1,1,1
309,2,1.0,1,1,0,1,1,1,0,1,1,1,1,0,0,1,1,1
311,2,1.0,0,1,0,1,0,1,0,1,0,0,1,1,1,0,0,1
312,2,0.0,0,0,0,1,1,1,0,1,0,0,1,1,1,1,1,1
313,2,1.0,1,1,0,0,0,1,1,1,1,0,1,0,0,1,0,1
315,2,0.0,1,0,0,1,1,1,1,1,1,0,1,0,1,0,1,1
317,2,0.0,0,1,1,1,1,1,0,0,0,1,1,1,0,1,1,0
321,2,0.0,1,0,1,1,0,1,1,1,1,1,1,1,1,1,1,1
322,2,1.0,1,1,0,1,1,1,1,0,1,0,1,0,1,1,1,1
324,2,0.0,1,0,0,1,1,1,0,1,1,1,1,0,1,1,1,1
325,2,0.0,1,0,0,1,1,1,0,1,1,1,1,0,1,1,1,1
326,2,1.0,1,1,1,1,1,1,1,1,0,1,1,0,1,1,1,1
327,2,1.0,1,1,1,1,1,1,1,0,1,1,1,1,1,1,1,1
328,2,0.0,1,1,1,1,1,1,0,0,0,1,1,1,1,1,1,1
329,2,0.0,0,1,1,1,0,1,0,1,1,0,1,1,0,1,1,1
330,2,1.0,1,1,0,1,1,1,1,1,1,1,1,0,1,1,1,1
331,2,1.0,0,0,0,1,1,1,0,1,0,0,1,1,0,1,1,1
332,2,1.0,1,1,1,1,1,1,1,1,1,1,1,1,1,1,1,1
333,2,0.0,0,0,1,1,1,1,0,0,0,1,1,1,0,1,1,1
334,2,0.0,0,1,1,1,1,1,1,1,1,1,1,1,1,1,1,1
335,2,0.0,1,1,0,1,1,1,1,1,1,0,1,0,0,1,1,1
336,2,0.0,0,1,0,1,1,1,1,1,0,0,1,1,1,1,1,1
337,2,1.0,1,0,0,0,1,1,1,1,1,0,1,0,0,1,0,1
338,2,0.0,0,1,0,0,1,1,1,1,1,0,1,1,0,1,0,1
339,2,1.0,1,0,0,0,1,1,0,1,1,1,1,0,0,0,0,1
340,2,0.0,0,1,1,1,1,1,1,1,1,1,1,1,1,1,1,1
341,2,0.0,1,0,0,1,1,1,1,1,1,1,1,0,1,1,1,1
343,2,1.0,1,1,0,0,0,1,1,1,1,0,1,0,1,1,1,1
344,2,0.0,1,0,0,0,1,1,1,1,1,1,1,0,1,1,1,1
345,2,0.0,0,0,1,0,0,1,1,1,0,1,1,1,0,1,0,1
346,2,0.0,1,1,0,0,1,1,1,1,1,0,1,0,1,1,1,1
349,2,1.0,1,1,0,1,1,1,1,1,1,1,1,0,1,1,1,1
350,2,1.0,0,1,1,1,1,0,1,1,0,0,1,1,0,1,0,1
351,2,1.0,1,0,0,1,1,1,1,1,1,1,1,0,1,1,1,1
352,2,1.0,1,1,1,1,1,1,1,0,1,1,1,1,1,1,1,1
355,2,1.0,1,0,0,0,1,1,1,1,0,1,1,0,1,1,0,1
356,2,0.0,1,0,0,1,0,1,1,1,1,1,1,0,0,1,1,1
357,2,1.0,1,0,1,1,1,1,1,1,0,1,1,1,1,0,1,1
358,2,0.0,1,1,0,1,1,1,0,1,1,1,1,0,1,1,1,1
359,2,1.0,1,1,0,0,0,1,0,1,1,0,1,0,1,0,1,1
361,2,1.0,1,1,1,1,1,1,1,0,0,1,1,1,1,1,1,1
362,2,0.0,0,1,1,1,1,1,0,0,1,1,1,1,1,1,1,1
363,2,1.0,1,1,0,1,0,1,0,1,1,1,1,0,0,0,0,1
365,2,0.0,1,0,0,1,1,1,1,1,1,1,1,0,1,1,1,1
366,2,1.0,1,0,0,0,0,0,1,1,1,1,1,0,0,1,1,1
367,2,0.0,1,1,1,1,1,1,1,0,1,1,1,1,1,1,1,1
368,2,1.0,0,0,1,1,1,1,1,0,1,1,1,1,1,1,1,1
369,2,1.0,1,1,0,1,1,1,1,1,1,1,1,0,1,0,0,1
370,2,0.0,1,0,0,1,0,1,0,1,1,0,1,0,1,1,1,1
371,2,0.0,1,1,0,1,1,1,1,1,1,1,1,0,1,1,1,1
372,2,1.0,1,0,0,1,0,1,0,1,1,1,1,0,0,1,0,1
373,2,1.0,1,0,1,1,1,1,1,1,1,1,1,1,1,1,1,1
374,2,1.0,1,1,0,1,1,1,1,1,1,0,1,0,1,1,1,1
375,2,1.0,1,1,0,0,1,1,1,1,1,0,1,1,0,1,1,1
378,2,1.0,1,0,1,1,1,1,1,0,1,1,1,1,0,0,1,1
380,2,0.0,0,0,1,1,1,1,0,1,0,1,1,1,0,1,1,1
382,2,1.0,1,0,0,1,1,1,1,1,1,1,1,0,1,1,1,1
383,2,1.0,1,1,0,1,1,1,1,1,0,1,1,1,1,1,1,1
384,2,0.0,0,0,1,1,1,1,0,1,0,0,1,1,1,1,1,1
385,2,0.0,1,0,0,1,0,1,1,1,1,1,1,0,1,1,1,1
386,2,0.0,0,1,1,1,1,1,1,1,1,1,1,1,1,1,1,1
387,2,0.0,0,0,1,1,1,1,0,1,0,1,1,1,0,1,1,1
388,2,0.0,0,0,1,0,0,1,0,1,1,1,1,1,0,1,0,1
391,2,1.0,1,0,0,1,0,0,1,1,1,1,1,0,1,1,1,1
393,2,1.0,1,0,0,1,0,1,1,1,1,1,1,0,1,1,1,1
395,2,1.0,1,1,0,1,1,1,1,1,1,1,1,0,1,1,1,1
396,2,0.0,1,1,0,0,0,1,0,1,1,0,1,0,1,1,1,1
397,2,1.0,0,1,0,1,0,0,1,1,1,0,1,1,0,1,1,0
398,2,1.0,1,0,1,1,0,1,1,1,0,1,1,1,1,1,1,1
399,2,0.0,1,1,0,0,0,1,0,1,1,0,1,0,0,0,0,1
400,2,0.0,1,0,0,1,1,1,0,1,1,1,1,0,1,1,1,1
401,2,0.0,1,1,0,1,0,1,1,1,0,1,1,0,1,1,1,1
402,2,0.0,0,0,0,1,0,1,1,1,1,1,1,1,0,1,1,1
403,2,1.0,1,0,0,0,1,1,1,1,1,0,1,0,1,1,1,1
404,2,1.0,0,0,0,1,1,1,1,1,1,1,1,1,0,1,1,1
405,2,0.0,1,0,1,1,1,1,1,1,1,0,1,1,1,1,1,1
407,2,0.0,0,0,1,1,1,1,1,0,1,1,1,1,0,1,1,1
408,2,0.0,0,0,0,1,1,1,1,1,0,0,1,1,0,1,1,1
409,2,0.0,1,1,0,1,0,1,0,1,1,1,1,0,1,1,1,1
410,2,1.0,1,1,0,1,1,1,1,1,1,0,1,0,1,1,1,1
411,2,0.0,0,1,1,1,1,1,1,1,0,1,1,1,1,1,1,1
414,2,0.0,1,0,0,1,0,1,1,1,1,1,1,0,1,1,1,1
415,2,0.0,1,1,0,1,0,1,0,1,0,1,1,0,1,1,1,1
416,2,1.0,1,1,1,1,1,1,1,0,1,0,1,1,1,1,1,0
417,2,0.0,1,1,0,1,1,1,0,1,1,1,1,0,1,1,1,1
419,2,1.0,0,1,1,1,1,1,0,0,1,0,1,1,1,1,1,0
420,2,1.0,1,1,0,1,1,1,1,1,1,0,1,0,1,1,1,1
421,2,0.0,0,1,0,0,1,1,1,1,1,0,1,1,0,0,0,1
422,2,1.0,0,1,1,1,1,1,1,1,0,1,1,1,1,1,1,1
423,2,1.0,1,1,0,1,1,1,1,1,1,0,1,0,1,1,1,1
424,2,1.0,1,1,0,1,0,0,1,1,1,0,1,0,0,0,0,1
425,2,1.0,1,0,0,0,1,1,1,1,1,0,1,0,1,1,0,1
426,2,0.0,1,0,0,1,0,1,1,1,1,1,1,0,1,1,1,1
427,2,1.0,1,1,0,1,0,0,0,1,1,0,1,0,1,0,0,1
428,2,1.0,0,0,0,1,1,0,1,1,0,1,1,1,0,0,0,1
430,2,1.0,0,1,0,1,0,1,1,1,1,0,1,1,0,0,0,1
431,2,0.0,1,1,0,1,1,1,0,1,1,1,1,0,1,1,1,1
432,2,1.0,1,0,0,1,1,0,1,1,1,1,1,0,1,1,1,1
433,2,1.0,1,0,0,1,1,1,1,1,1,1,1,0,1,1,0,1
434,2,1.0,1,1,0,1,1,1,0,1,0,1,1,0,1,1,1,1
435,2,0.0,1,1,1,1,1,1,1,0,1,1,1,1,1,1,1,1
437,2,1.0,1,0,0,1,0,0,1,1,1,1,1,0,1,1,1,1
438,2,0.0,1,1,0,1,1,1,1,1,1,1,1,0,1,1,1,1
440,2,0.0,0,1,1,1,1,1,1,0,0,1,1,1,1,1,1,1
441,2,1.0,1,0,1,1,1,1,1,1,0,1,1,1,1,1,0,1
442,2,0.0,0,0,1,1,1,1,0,0,0,1,1,1,1,1,1,1
444,2,1.0,0,1,1,1,1,1,1,1,1,1,1,1,1,1,1,1
446,2,0.0,0,1,1,1,1,1,0,0,1,1,1,1,1,1,1,1
447,2,1.0,1,0,0,0,0,1,1,1,0,1,1,0,1,0,0,1
448,2,1.0,1,0,0,0,0,1,0,1,1,1,1,0,0,0,0,1
449,2,1.0,1,1,0,0,1,1,1,1,0,1,1,1,0,1,1,1
450,2,1.0,1,1,0,1,0,1,1,1,1,0,1,0,1,1,1,1
451,2,0.0,1,0,0,1,1,1,1,1,1,1,1,0,0,1,1,1
452,2,0.0,1,0,0,0,0,1,0,1,1,0,1,0,1,1,1,1
453,2,0.0,0,1,0,1,1,1,1,1,1,1,1,0,1,1,1,1
454,2,0.0,1,1,0,1,1,1,1,1,1,0,1,0,1,1,1,1
455,2,0.0,1,0,0,1,1,1,1,1,1,1,1,0,1,1,1,1
456,2,1.0,1,0,1,1,0,1,1,1,1,1,1,1,1,1,1,1
457,2,0.0,0,0,1,1,1,1,1,0,1,1,1,1,1,1,1,1
458,2,1.0,0,1,1,1,1,1,1,0,1,0,1,1,1,1,1,0
459,2,0.0,1,1,0,1,1,1,1,1,1,1,1,1,1,1,1,1
460,2,0.0,1,0,0,1,0,1,1,1,1,0,1,0,1,1,1,1
461,2,1.0,1,1,0,1,1,1,0,1,1,0,1,0,0,0,0,1
462,2,1.0,1,1,0,1,1,1,0,1,1,1,1,0,1,1,1,1
463,2,0.0,1,1,1,1,1,1,0,1,1,1,1,1,1,1,1,1
464,2,0.0,1,1,0,1,1,1,1,1,1,1,1,0,1,1,1,1
465,2,1.0,1,0,0,1,1,1,1,1,1,0,1,0,1,1,1,1
466,2,1.0,1,1,0,1,1,1,1,1,1,0,1,1,1,1,1,1
467,2,1.0,0,0,1,1,1,1,1,0,0,1,1,1,1,1,1,1
468,2,1.0,0,0,0,1,1,1,0,1,1,0,1,1,0,1,1,1
469,2,0.0,1,0,0,0,0,1,1,1,0,1,1,0,1,1,1,1
470,2,1.0,1,0,1,1,1,1,1,0,1,1,1,1,1,1,1,1
471,2,1.0,1,1,1,1,0,1,1,0,1,1,1,0,1,1,1,1
472,2,1.0,0,1,0,1,1,1,1,1,1,1,1,1,0,0,0,1
473,2,0.0,1,1,0,1,1,1,1,1,1,1,1,1,1,1,1,1
474,2,0.0,1,1,1,1,1,1,1,1,0,1,1,1,1,1,1,1
475,2,0.0,1,0,1,1,0,1,0,1,1,1,1,1,1,1,1,1
476,2,0.0,0,0,1,1,1,1,1,0,0,1,1,1,1,1,1,1
478,2,1.0,1,0,0,1,1,1,0,1,1,1,1,0,1,1,1,1
480,2,1.0,1,0,0,1,0,1,0,1,0,1,1,1,1,1,1,1
481,2,1.0,1,1,0,0,0,1,1,1,0,0,1,0,0,0,0,1
482,2,0.0,1,1,0,1,1,1,1,1,0,1,1,0,1,1,1,1
483,2,0.0,1,0,0,1,1,1,1,1,1,1,1,0,1,1,1,1
484,2,1.0,1,1,0,1,1,1,1,1,0,1,1,0,1,1,1,1
486,2,1.0,1,1,0,1,1,1,1,1,1,1,1,0,1,0,1,1
487,2,0.0,1,0,0,1,0,1,1,1,1,0,1,0,1,1,1,1
488,2,0.0,1,1,0,1,0,1,1,1,1,1,1,0,1,1,1,1
489,2,1.0,1,0,0,1,1,1,1,1,0,1,1,0,1,0,0,1
490,2,1.0,1,1,0,1,1,1,1,1,1,1,1,1,1,1,1,1
491,2,0.0,1,1,1,1,1,1,0,1,1,1,1,1,1,1,1,1
492,2,0.0,0,1,1,1,1,1,0,0,1,1,1,1,1,1,1,0
493,2,0.0,1,1,0,0,1,1,1,1,0,0,1,0,1,1,1,1
494,2,1.0,1,1,0,0,0,1,1,1,1,0,1,0,1,0,0,1
495,2,1.0,1,1,0,1,1,1,1,1,1,1,1,0,1,1,1,1
496,2,1.0,1,0,0,1,1,1,0,1,1,1,1,0,1,0,1,1
498,2,0.0,1,1,0,1,1,1,1,1,1,1,1,0,1,1,1,1
499,2,1.0,1,1,1,1,1,1,1,1,1,1,1,1,1,1,1,1
0,3,1.0,0,1,0,1,1,1,1,1,1,1,1,1,0,1,1,1
1,3,1.0,1,1,0,0,1,0,0,1,1,0,1,0,0,1,1,1
2,3,1.0,1,1,0,1,0,1,1,1,1,1,1,1,1,1,1,1
5,3,0.0,0,1,0,1,1,1,0,1,0,1,1,1,1,1,1,1
6,3,1.0,1,1,0,1,0,1,1,1,1,0,1,1,0,1,1,1
7,3,1.0,0,1,0,0,1,0,1,1,1,0,1,1,0,1,0,1
8,3,1.0,1,1,0,0,1,0,0,1,1,1,1,0,1,1,0,1
10,3,1.0,1,1,0,0,1,1,0,1,1,0,1,0,1,0,1,1
11,3,1.0,0,0,0,1,1,1,1,0,0,1,1,1,1,0,1,1
12,3,1.0,1,1,0,1,1,1,0,1,1,1,1,0,1,1,1,1
13,3,1.0,0,1,0,1,1,1,1,1,1,0,1,1,0,1,1,1
16,3,1.0,1,1,0,1,1,1,1,1,1,0,1,0,1,1,1,1
17,3,1.0,0,1,1,1,1,1,1,1,1,1,1,1,1,1,1,1
18,3,1.0,1,0,0,0,0,1,1,1,1,0,1,0,1,1,0,1
19,3,1.0,1,0,0,1,0,1,1,1,1,0,1,0,1,1,1,1
20,3,0.0,0,0,0,1,1,1,0,1,0,1,1,1,1,1,1,1
21,3,1.0,1,1,1,1,1,1,1,0,1,1,1,1,1,1,1,1
22,3,1.0,0,1,1,1,0,1,0,1,0,1,1,1,0,1,1,1
23,3,0.0,0,1,1,1,1,1,1,1,0,1,1,1,1,1,1,1
26,3,1.0,1,1,0,1,1,1,1,1,1,0,1,0,0,0,1,1
27,3,0.0,0,0,0,1,0,1,0,1,1,1,1,1,1,1,0,1
28,3,1.0,1,1,0,1,1,1,1,1,1,0,1,1,1,1,1,1
29,3,0.0,0,1,1,1,1,1,1,0,1,1,1,0,1,1,1,1
30,3,1.0,1,1,0,1,1,1,1,1,1,1,1,0,1,1,0,1
31,3,0.0,0,0,0,1,1,1,1,1,0,0,1,1,1,1,1,1
32,3,1.0,0,1,1,1,1,1,1,1,0,1,1,1,1,1,1,1
34,3,1.0,0,1,0,1,1,1,1,1,0,1,1,1,1,1,1,1
36,3,1.0,1,1,0,1,1,1,0,0,1,1,1,1,1,1,1,1
37,3,1.0,1,0,0,1,1,1,1,1,1,1,1,0,1,1,1,1
38,3,1.0,1,1,0,1,1,0,0,1,1,0,1,0,1,1,1,1
39,3,0.0,0,1,1,1,1,1,1,1,0,1,1,1,1,1,1,1
40,3,1.0,1,1,0,1,1,1,1,1,1,0,1,1,1,1,1,1
41,3,1.0,1,0,0,1,1,1,1,1,1,1,1,0,1,1,1,1
42,3,0.0,0,1,0,1,1,1,1,1,1,0,1,1,0,1,1,1
43,3,1.0,0,1,0,1,1,1,1,1,1,0,1,1,0,0,0,1
44,3,1.0,0,1,0,1,1,1,1,1,0,1,1,1,1,1,1,1
45,3,1.0,0,0,1,1,1,1,1,0,1,1,1,1,1,1,1,1
46,3,1.0,1,0,0,1,1,1,1,1,1,1,1,0,1,1,1,1
47,3,1.0,1,1,0,1,1,1,1,1,1,1,1,0,1,1,1,1
48,3,0.0,1,1,0,1,1,1,1,1,1,0,1,0,1,1,1,1
49,3,0.0,1,1,0,1,1,1,1,0,1,1,1,1,1,1,1,1
50,3,1.0,0,1,1,1,1,1,0,0,0,0,1,1,1,1,0,1
51,3,1.0,1,0,0,0,1,0,1,1,1,1,1,0,1,1,0,1
52,3,1.0,1,1,1,1,1,1,1,1,1,1,1,1,1,1,1,1
55,3,0.0,1,1,0,1,1,1,1,1,0,1,1,0,1,1,1,1
56,3,1.0,0,1,0,0,1,0,1,1,0,0,1,1,0,0,1,1
57,3,0.0,0,1,1,1,1,1,1,1,1,1,1,1,0,1,1,1
58,3,0.0,1,0,0,1,1,1,1,0,1,0,1,1,1,1,1,1
59,3,0.0,0,1,0,1,1,1,1,1,1,1,1,1,1,1,1,1
60,3,1.0,0,1,0,1,1,1,1,1,0,1,1,1,1,1,1,1
61,3,1.0,1,0,0,1,0,1,1,1,1,0,1,0,1,0,1,1
62,3,0.0,1,1,0,1,1,1,1,1,0,0,1,1,0,1,1,1
63,3,1.0,0,0,1,1,1,1,1,1,1,1,1,1,1,1,1,1
64,3,1.0,0,1,0,1,1,1,1,1,0,1,1,1,1,1,1,1
65,3,1.0,0,1,0,1,1,1,1,1,1,0,1,1,0,1,1,1
66,3,0.0,0,0,1,1,1,1,0,0,0,1,1,1,1,1,1,1
68,3,1.0,0,0,0,1,1,1,1,1,1,1,1,1,1,1,1,1
69,3,0.0,0,1,1,1,1,1,1,0,0,1,1,1,0,1,1,0
70,3,1.0,1,0,0,1,1,1,0,1,1,1,1,0,1,1,1,1
71,3,1.0,1,1,0,1,0,1,1,1,1,0,1,0,1,1,1,1
72,3,1.0,0,0,0,1,1,1,1,1,0,0,1,1,0,1,1,1
73,3,0.0,1,0,1,1,1,1,1,1,1,1,1,1,1,1,1,1
74,3,0.0,1,1,0,1,1,1,0,1,1,1,1,0,1,1,1,1
75,3,1.0,1,1,0,1,1,1,1,1,1,1,1,0,1,1,1,1
77,3,1.0,0,1,1,1,1,1,0,1,1,1,1,1,1,1,1,1
78,3,0.0,1,1,0,0,0,0,0,1,1,0,1,0,0,0,0,1
79,3,1.0,1,1,0,1,1,1,0,1,1,0,1,0,1,1,1,1
80,3,1.0,1,0,0,1,1,1,1,1,1,1,1,0,1,1,1,1
81,3,0.0,1,1,0,1,1,1,1,1,1,1,1,0,1,1,1,1
82,3,1.0,1,0,0,1,0,1,1,1,0,1,1,0,1,1,1,1
83,3,1.0,0,1,0,0,0,1,1,1,1,0,1,1,0,0,0,1
85,3,1.0,1,0,0,1,0,1,1,1,1,0,1,0,1,1,1,1
86,3,0.0,1,1,0,1,1,1,0,1,1,1,1,0,1,1,1,1
87,3,1.0,1,1,0,1,1,1,1,1,1,1,1,0,0,1,0,1
88,3,1.0,1,0,0,1,0,1,1,1,1,1,1,0,1,1,0,1
89,3,0.0,0,1,1,1,1,1,1,0,1,1,1,1,1,1,1,1
91,3,1.0,0,0,1,1,1,1,1,0,1,1,1,1,1,1,1,1
93,3,0.0,1,0,0,1,0,1,0,1,1,1,1,0,1,1,1,1
94,3,1.0,0,0,0,0,0,1,1,1,0,1,1,1,0,1,1,1
95,3,0.0,1,0,1,1,1,1,1,1,1,1,1,1,0,1,1,1
96,3,1.0,1,1,0,1,1,1,0,1,1,1,1,1,1,1,1,1
97,3,0.0,0,1,0,1,1,1,1,1,1,1,1,1,0,1,1,1
98,3,0.0,1,1,0,1,1,1,1,0,0,1,1,1,1,1,1,1
99,3,0.0,0,1,0,1,0,1,0,0,0,1,1,1,1,1,1,0
100,3,1.0,1,1,0,1,1,1,0,1,0,1,1,0,0,0,0,1
101,3,1.0,1,1,0,1,1,1,1,1,1,1,1,1,0,1,1,1
102,3,1.0,1,0,0,1,0,1,1,0,1,1,1,1,0,0,1,1
103,3,0.0,1,1,0,1,1,1,1,1,1,1,1,1,1,1,1,1
106,3,1.0,1,1,1,1,1,1,1,1,1,1,1,1,1,1,1,1
107,3,1.0,1,1,0,1,1,1,1,1,1,1,1,0,1,1,1,1
110,3,1.0,1,1,0,1,1,1,1,1,1,1,1,0,1,1,1,1
111,3,1.0,1,1,0,1,0,1,0,1,1,0,1,0,0,0,1,1
112,3,1.0,1,0,1,1,1,1,1,0,1,1,1,1,1,1,1,1
113,3,0.0,1,1,1,1,1,1,0,0,1,1,1,1,1,1,1,1
114,3,0.0,1,1,1,1,1,1,0,1,1,1,1,1,1,1,1,1
115,3,0.0,0,0,1,1,1,1,1,1,1,0,1,1,1,1,1,1
116,3,1.0,1,1,0,1,1,0,1,1,1,0,1,1,1,1,1,0
117,3,1.0,0,0,0,1,1,1,1,1,1,1,1,1,1,0,1,1
118,3,1.0,1,1,0,1,1,1,1,1,1,1,1,0,1,1,1,1
119,3,1.0,1,0,0,1,0,1,1,1,1,1,1,0,1,1,1,1
120,3,0.0,0,1,1,1,1,1,0,0,1,1,1,1,1,1,1,1
121,3,0.0,1,0,0,0,1,1,0,1,1,1,1,0,0,0,1,1
122,3,0.0,1,1,0,1,1,1,1,1,0,1,1,1,1,1,1,1
123,3,1.0,1,0,0,1,1,1,1,1,1,1,1,0,1,1,1,1
125,3,1.0,0,1,0,1,1,1,1,1,1,1,1,1,1,1,1,1
126,3,1.0,1,1,0,1,1,1,1,1,1,0,1,0,1,1,1,1
127,3,1.0,1,0,0,1,1,1,0,1,1,1,1,0,0,1,0,1
128,3,0.0,1,1,0,0,1,1,1,1,1,0,1,0,0,0,0,1
129,3,0.0,0,1,0,1,0,0,0,1,0,1,1,1,0,1,1,1
130,3,1.0,1,1,0,1,1,1,1,1,1,1,1,0,1,1,1,1
131,3,1.0,1,1,0,1,1,1,1,0,1,0,1,1,1,1,1,1
132,3,1.0,1,1,0,1,1,1,1,1,1,0,1,1,0,1,1,1
133,3,1.0,1,0,0,1,0,1,0,1,1,1,1,0,0,0,0,1
134,3,1.0,1,1,0,1,0,0,0,1,1,1,1,0,1,1,0,1
136,3,1.0,0,1,0,0,1,1,1,1,0,0,1,1,0,1,1,1
137,3,0.0,1,1,0,1,1,1,0,1,1,1,1,0,1,1,1,1
138,3,0.0,0,0,0,1,1,1,1,1,0,1,1,1,0,1,1,1
139,3,0.0,1,1,0,1,1,1,1,1,1,0,1,0,1,1,1,1
140,3,1.0,1,1,0,1,1,1,1,1,1,0,1,1,0,1,1,1
141,3,1.0,0,0,0,1,1,1,1,1,1,1,1,1,0,0,0,1
142,3,0.0,1,0,0,1,1,1,0,1,0,1,1,1,1,1,1,1
143,3,1.0,0,0,1,1,1,1,1,1,1,1,1,1,0,0,1,1
144,3,1.0,1,1,0,1,0,1,1,1,1,0,1,1,1,1,1,1
145,3,0.0,1,1,0,1,1,1,0,1,1,1,1,0,1,1,1,1
146,3,0.0,1,0,0,1,0,1,1,1,1,1,1,0,1,1,1,1
148,3,1.0,1,1,0,0,0,1,0,1,1,0,1,0,0,1,0,1
149,3,1.0,0,0,0,1,1,1,0,1,0,0,1,1,0,1,1,1
150,3,0.0,1,1,1,1,1,1,1,0,1,1,1,1,1,1,1,1
152,3,1.0,1,0,0,1,1,1,0,1,1,1,1,0,1,1,1,1
153,3,1.0,1,0,0,0,1,1,1,1,1,0,1,1,0,1,1,1
154,3,1.0,0,1,0,1,1,1,1,1,1,1,1,1,1,1,1,1
155,3,0.0,1,0,0,1,1,1,0,1,1,1,1,0,1,1,1,1
156,3,0.0,1,0,1,1,1,1,1,1,1,1,1,1,1,1,1,1
157,3,0.0,0,0,1,1,1,1,0,0,0,1,1,1,0,1,1,1
158,3,1.0,1,1,0,0,0,1,0,1,1,0,1,1,1,1,1,1
161,3,0.0,1,0,0,1,1,1,1,1,1,0,1,0,1,1,1,1
162,3,0.0,1,1,0,0,0,1,1,1,1,1,1,0,1,1,1,1
163,3,1.0,0,0,0,1,1,1,1,1,0,1,1,1,1,0,1,1
164,3,0.0,1,0,0,1,0,1,1,1,0,1,1,0,1,1,1,1
165,3,0.0,0,1,0,0,1,1,1,1,1,1,1,1,1,1,0,1
167,3,1.0,1,1,0,1,1,1,1,1,1,1,1,1,0,1,1,1
168,3,0.0,1,1,0,1,1,1,1,1,1,1,1,0,1,1,1,1
169,3,0.0,1,1,0,1,1,1,1,1,1,1,1,0,1,1,1,1
170,3,0.0,1,1,0,1,1,1,0,1,1,1,1,1,1,1,1,1
171,3,1.0,1,1,0,1,1,1,1,1,1,0,1,0,1,0,1,1
172,3,0.0,1,1,0,1,1,1,1,1,0,1,1,1,0,1,1,1
173,3,1.0,0,1,0,1,1,1,1,1,1,0,1,1,1,1,1,1
174,3,0.0,0,0,0,1,1,1,0,0,1,1,1,1,1,1,1,1
175,3,1.0,1,1,0,1,1,1,1,1,1,1,1,0,1,1,1,1
176,3,1.0,1,1,0,1,1,1,1,1,1,1,1,0,1,1,1,1
177,3,0.0,0,0,0,1,1,1,1,1,1,1,1,0,1,1,1,1
178,3,1.0,1,1,0,1,1,1,1,1,1,1,1,0,1,1,1,1
179,3,1.0,1,1,0,1,1,1,1,1,1,1,1,1,1,1,1,1
180,3,0.0,1,1,0,1,1,1,1,1,1,0,1,0,1,1,1,1
181,3,0.0,1,0,0,1,1,0,1,1,1,1,1,0,1,1,1,1
182,3,0.0,0,0,1,1,0,1,1,1,1,1,1,1,1,1,1,1
183,3,0.0,0,0,0,1,0,1,0,0,1,1,1,1,1,1,1,1
184,3,0.0,0,0,1,1,1,1,0,0,1,1,1,1,1,1,1,1
185,3,0.0,0,1,1,1,1,1,1,1,1,1,1,1,1,1,1,1
186,3,1.0,1,1,0,1,1,1,1,1,1,1,1,0,1,1,1,1
187,3,0.0,1,1,1,1,1,1,1,1,1,1,1,1,1,1,1,1
188,3,1.0,1,1,0,1,1,1,1,1,1,1,1,1,1,1,1,1
189,3,1.0,1,1,0,1,1,1,1,1,1,0,1,1,1,1,1,1
192,3,0.0,0,0,1,1,0,1,1,1,1,0,1,1,1,1,1,1
193,3,0.0,0,1,1,1,1,1,1,1,1,1,1,1,1,1,1,1
194,3,1.0,1,1,1,0,0,1,1,0,0,0,1,1,0,1,1,1
195,3,1.0,0,0,1,1,1,1,1,0,1,0,1,1,1,1,1,1
198,3,1.0,0,0,0,1,1,1,1,1,1,0,1,1,0,1,1,1
199,3,0.0,1,0,0,1,1,1,1,1,0,1,1,0,1,1,1,1
200,3,1.0,0,1,1,1,1,1,1,1,1,1,1,1,0,1,1,1
203,3,1.0,1,0,0,1,0,1,1,1,0,1,1,0,1,0,1,1
204,3,1.0,0,1,1,1,1,1,1,1,1,1,1,1,1,1,1,1
205,3,1.0,1,0,0,1,1,1,1,1,0,1,1,1,0,0,1,1
206,3,1.0,1,1,0,1,1,1,1,1,0,1,1,0,1,1,1,1
207,3,0.0,0,0,0,1,1,1,1,1,1,0,1,1,0,0,0,1
208,3,1.0,0,1,0,1,1,1,1,1,1,1,1,1,0,1,1,1
211,3,0.0,0,1,0,1,1,1,1,1,0,1,1,1,1,1,1,1
213,3,0.0,0,0,0,1,1,1,1,1,0,1,1,1,0,1,1,1
214,3,1.0,0,1,0,0,1,1,1,1,1,1,1,1,1,1,1,1
215,3,0.0,0,0,0,1,0,1,1,1,1,0,1,1,1,1,1,1
216,3,0.0,1,0,0,1,1,1,1,1,1,1,1,0,1,1,1,1
218,3,0.0,1,1,1,1,1,1,1,0,1,1,1,1,1,1,1,1
219,3,0.0,1,1,0,0,1,0,0,1,1,0,1,0,0,0,1,1
220,3,0.0,1,1,0,0,0,1,1,1,1,0,1,0,0,1,0,1
221,3,0.0,1,1,0,1,1,1,0,1,1,1,1,0,1,1,1,1
222,3,1.0,0,1,1,1,1,1,1,1,0,1,1,1,1,1,1,1
223,3,0.0,1,1,0,1,1,1,1,1,1,1,1,0,1,1,1,1
224,3,0.0,0,1,0,1,0,1,1,1,1,1,1,1,1,1,1,1
225,3,0.0,0,0,0,1,1,1,0,1,0,0,1,1,0,1,0,1
227,3,1.0,1,0,0,1,1,1,1,1,1,1,1,0,1,1,1,1
228,3,0.0,1,0,0,1,0,1,1,1,1,1,1,0,1,1,1,1
229,3,0.0,1,1,0,0,1,1,1,1,1,0,1,0,1,1,0,1
231,3,0.0,0,0,0,1,1,1,0,1,1,1,1,1,0,1,1,1
232,3,1.0,1,0,1,1,1,1,1,0,0,1,1,1,1,1,1,1
233,3,0.0,1,0,0,1,0,1,1,1,1,1,1,0,0,1,1,1
234,3,1.0,0,1,0,0,1,0,1,1,1,1,1,1,0,1,1,1
235,3,0.0,1,0,0,1,0,1,0,1,1,1,1,0,1,1,1,1
236,3,1.0,1,0,0,1,0,1,1,1,1,1,1,1,1,1,1,1
237,3,1.0,0,1,0,1,0,0,1,1,1,0,1,1,0,0,1,1
238,3,1.0,0,1,1,1,1,1,1,0,0,0,1,1,1,1,1,1
239,3,1.0,1,1,0,1,1,1,1,1,1,0,1,0,1,0,0,1
240,3,0.0,1,1,0,1,1,1,1,1,1,1,1,1,1,1,1,1
241,3,0.0,0,0,1,1,1,1,0,0,0,1,1,1,0,1,1,1
242,3,1.0,1,0,0,1,1,1,0,1,1,1,1,0,1,1,0,1
243,3,0.0,1,1,0,1,1,1,1,1,0,1,1,0,1,1,1,1
244,3,1.0,1,0,0,0,1,1,1,1,1,1,1,0,1,1,1,1
246,3,0.0,1,1,0,1,1,1,0,1,1,1,1,0,0,1,1,1
247,3,1.0,1,0,0,1,1,1,1,1,1,1,1,1,1,1,1,1
248,3,1.0,1,1,0,0,0,0,1,1,1,0,1,0,0,1,0,1
249,3,0.0,0,1,0,1,1,1,0,1,1,1,1,1,1,1,1,1
250,3,1.0,1,1,1,1,1,1,1,0,1,0,1,1,1,1,1,1
251,3,1.0,0,1,0,1,1,1,1,1,1,1,1,1,1,1,1,1
252,3,0.0,1,0,0,1,1,1,1,1,1,1,1,0,1,1,1,1
253,3,1.0,1,0,0,1,1,1,0,1,1,1,1,1,0,0,1,1
256,3,0.0,1,1,1,1,1,1,1,1,0,1,1,1,1,1,1,1
257,3,1.0,1,1,0,1,1,1,1,1,1,1,1,0,1,0,1,1
258,3,0.0,0,0,1,1,0,1,1,1,0,0,1,0,0,1,0,1
259,3,1.0,0,1,0,1,0,1,1,1,1,0,1,1,1,1,1,1
260,3,0.0,1,1,1,1,1,1,1,0,1,1,1,1,1,1,1,1
261,3,0.0,1,1,0,1,1,1,1,1,1,1,1,1,1,1,1,1
262,3,0.0,1,0,0,1,0,1,1,1,1,1,1,0,1,1,1,1
263,3,1.0,1,1,0,1,1,1,1,1,1,1,1,0,1,1,1,1
264,3,1.0,1,1,0,1,1,1,1,1,1,1,1,0,1,1,1,1
265,3,0.0,0,0,0,1,1,1,1,1,1,0,1,1,1,1,1,1
266,3,0.0,1,1,0,1,1,1,0,1,1,1,1,0,1,1,1,1
267,3,1.0,1,1,0,1,1,1,1,1,1,0,1,1,1,1,1,1
268,3,1.0,1,0,0,1,0,1,1,1,1,1,1,0,1,1,1,1
269,3,0.0,1,1,0,1,0,1,0,1,0,1,1,0,1,1,1,1
271,3,1.0,0,1,0,1,1,1,1,1,0,0,1,1,0,1,0,1
272,3,1.0,1,0,0,1,0,1,0,1,1,0,1,0,1,0,1,1
273,3,1.0,1,0,0,1,1,1,1,1,1,1,1,1,1,1,1,1
274,3,0.0,0,0,1,0,0,1,1,1,0,1,1,1,0,1,1,1
275,3,0.0,0,0,0,0,0,1,1,1,0,1,1,1,0,1,1,1
278,3,1.0,1,1,0,0,1,1,0,1,1,0,1,0,0,1,0,1
280,3,1.0,1,1,0,1,1,0,1,1,1,0,1,0,1,0,0,1
281,3,0.0,1,1,0,1,1,1,1,1,0,1,1,0,1,1,1,1
282,3,0.0,1,1,0,1,1,1,1,1,1,1,1,0,1,1,1,1
283,3,1.0,1,1,0,0,1,1,1,1,1,1,1,0,1,1,0,1
284,3,0.0,1,1,0,1,1,1,1,1,1,0,1,0,1,1,1,1
285,3,0.0,0,0,0,1,1,1,1,1,0,0,1,1,1,1,1,1
286,3,1.0,1,1,0,1,1,1,1,1,0,1,1,0,1,1,1,1
287,3,0.0,1,1,0,1,1,1,1,1,1,1,1,0,1,1,1,1
288,3,0.0,0,0,1,0,1,1,0,1,1,1,1,1,1,1,1,1
290,3,0.0,0,0,0,1,0,0,0,0,0,0,1,0,0,0,0,1
292,3,1.0,1,0,0,1,0,1,1,1,1,1,1,0,0,0,0,1
293,3,0.0,0,0,1,0,1,1,1,1,0,1,1,1,0,1,0,1
294,3,1.0,1,1,0,1,1,1,1,1,1,0,1,0,0,0,0,1
296,3,0.0,1,0,0,1,1,1,0,1,1,1,1,0,1,1,1,1
297,3,0.0,1,1,0,1,1,1,1,1,1,0,1,1,1,0,1,1
298,3,0.0,1,1,0,1,1,1,1,1,1,1,1,1,1,1,1,1
300,3,0.0,1,1,0,1,1,1,1,1,1,1,1,1,1,1,1,1
301,3,0.0,1,1,0,1,1,1,0,1,1,1,1,0,1,1,1,1
303,3,1.0,1,1,0,1,1,1,1,1,1,1,1,0,1,1,0,1
304,3,0.0,0,0,0,1,1,0,0,1,0,0,1,1,0,1,0,1
305,3,1.0,1,1,0,1,0,1,1,1,1,0,1,0,1,1,1,1
306,3,1.0,0,0,0,1,1,0,1,1,1,1,1,1,0,0,1,1
307,3,0.0,0,1,0,1,1,1,0,1,0,1,1,1,1,1,1,1
308,3,1.0,1,1,0,0,0,1,0,1,1,0,1,0,1,1,0,1
309,3,1.0,1,1,0,1,1,1,1,1,1,0,1,0,1,1,1,1
311,3,1.0,0,0,0,1,1,1,0,1,0,0,1,1,0,1,1,1
312,3,0.0,1,0,0,0,1,1,1,1,1,1,1,0,1,0,1,1
313,3,1.0,1,1,0,1,1,1,1,1,1,1,1,0,1,0,1,1
315,3,0.0,0,0,0,1,0,0,1,1,1,1,1,1,0,1,1,1
317,3,1.0,0,0,0,0,0,0,1,1,1,1,1,0,1,1,0,1
321,3,1.0,0,1,1,1,1,0,1,1,0,0,1,1,0,1,0,1
322,3,0.0,0,1,0,1,1,1,1,1,1,1,1,1,1,1,1,1
324,3,0.0,0,0,0,1,1,1,0,1,0,1,1,1,0,1,1,1
325,3,1.0,1,1,0,1,1,0,0,1,1,0,1,0,1,0,1,1
326,3,0.0,1,0,0,1,0,1,1,1,0,0,1,0,1,1,1,1
327,3,1.0,1,1,0,1,1,1,1,1,1,0,1,0,1,1,1,1
328,3,1.0,0,1,1,1,1,1,1,0,1,1,1,1,1,1,1,1
329,3,0.0,0,1,0,1,1,1,1,1,0,1,1,1,1,1,1,1
330,3,1.0,1,1,0,1,1,1,0,1,0,1,1,0,1,1,1,1
331,3,0.0,1,0,0,1,1,1,1,1,1,1,1,0,1,0,1,1
332,3,1.0,1,1,1,1,1,1,1,1,1,1,1,1,1,1,1,1
333,3,0.0,0,0,1,1,1,1,1,0,0,0,1,1,0,1,1,1
334,3,0.0,0,0,0,1,0,1,0,1,1,1,1,1,1,1,1,0
335,3,0.0,1,1,0,1,1,1,0,1,0,1,1,0,1,1,1,1
336,3,0.0,1,1,0,1,1,1,1,1,1,1,1,0,1,1,1,1
337,3,1.0,1,0,0,0,0,1,1,1,1,1,1,0,0,1,0,1
338,3,1.0,0,1,0,0,1,1,1,1,1,1,1,1,0,1,1,1
339,3,1.0,1,1,0,1,1,1,1,1,1,0,1,1,0,1,1,1
340,3,1.0,1,1,0,1,1,1,1,1,1,1,1,0,1,1,1,1
341,3,0.0,1,0,0,1,1,1,1,1,1,0,1,0,1,1,1,1
343,3,0.0,1,0,0,1,1,1,1,1,1,0,1,0,1,1,1,1
344,3,1.0,1,1,0,1,0,1,0,1,1,1,1,0,1,1,1,1
345,3,0.0,1,0,0,1,1,1,1,1,0,1,1,1,1,1,1,1
346,3,0.0,1,1,0,1,1,1,1,1,1,1,1,0,1,1,1,1
349,3,0.0,0,0,0,1,1,1,0,1,0,1,1,1,0,1,1,1
350,3,0.0,0,1,0,1,1,1,0,1,1,1,1,1,1,1,1,1
352,3,0.0,0,1,1,1,1,1,1,0,1,0,1,1,1,1,1,1
355,3,0.0,1,0,0,1,1,1,1,1,1,1,1,0,1,1,1,1
356,3,1.0,1,0,0,1,0,0,1,1,1,1,1,0,1,1,1,1
357,3,0.0,1,1,0,1,1,1,1,1,0,1,1,0,1,1,1,1
358,3,0.0,1,1,0,1,1,1,1,1,0,1,1,0,1,1,1,1
359,3,1.0,1,1,0,0,1,1,1,1,1,0,1,0,1,0,1,1
361,3,0.0,0,1,0,1,1,1,0,1,1,1,1,1,1,1,1,1
362,3,0.0,1,1,0,1,1,1,1,0,1,0,1,1,1,1,1,1
363,3,1.0,1,0,1,1,0,0,0,1,1,0,1,0,0,0,0,1
365,3,0.0,1,1,0,1,1,1,1,1,1,1,1,0,1,1,1,1
366,3,1.0,1,0,0,1,0,1,1,1,1,1,1,0,0,0,1,1
367,3,1.0,0,1,0,1,1,1,1,1,0,1,1,1,0,1,1,1
368,3,1.0,1,1,0,0,0,1,1,1,1,0,1,0,0,1,0,1
369,3,1.0,1,0,0,0,0,1,1,1,1,1,1,0,1,0,1,1
370,3,0.0,1,1,0,1,0,1,1,1,1,0,1,0,1,1,1,1
371,3,1.0,1,1,0,1,1,1,1,1,1,1,1,0,1,1,1,1
372,3,1.0,1,1,0,0,1,1,0,1,1,0,1,0,0,1,1,1
373,3,0.0,0,0,1,1,1,1,1,0,1,1,1,1,0,1,1,1
374,3,1.0,1,0,0,1,0,1,1,1,0,1,1,0,1,1,0,1
375,3,1.0,1,1,0,0,1,1,1,1,1,0,1,1,0,1,1,1
378,3,1.0,1,1,1,1,1,1,1,1,0,1,1,1,1,1,1,1
380,3,1.0,1,1,1,1,1,1,1,1,0,0,1,1,1,1,1,1
382,3,1.0,1,1,0,1,0,1,0,1,1,0,1,0,1,0,0,1
383,3,1.0,1,1,0,1,1,1,1,1,0,1,1,1,1,1,1,1
384,3,1.0,0,1,0,1,1,0,1,1,0,0,1,1,1,0,1,1
385,3,0.0,1,0,0,1,0,1,1,1,1,1,1,0,1,1,1,1
386,3,1.0,1,1,0,1,1,1,1,1,1,1,1,0,1,1,1,1
387,3,0.0,1,1,0,1,1,1,1,1,1,1,1,0,1,1,1,1
388,3,0.0,0,1,0,1,1,1,0,1,1,1,1,1,1,1,1,1
391,3,0.0,0,0,0,1,0,1,1,1,1,1,1,1,0,1,1,1
393,3,0.0,1,1,0,1,1,1,1,1,1,1,1,1,1,1,1,1
395,3,1.0,1,1,0,1,1,0,1,1,1,1,1,0,1,1,0,1
396,3,0.0,0,0,1,1,1,1,0,1,0,1,1,1,0,1,1,1
397,3,1.0,1,1,0,1,1,1,1,1,1,1,1,1,1,1,1,1
398,3,1.0,0,1,1,1,1,1,1,1,0,1,1,1,1,1,1,1
399,3,0.0,1,0,0,1,1,1,1,1,1,1,1,0,1,1,1,1
400,3,1.0,1,1,0,1,0,1,0,1,1,1,1,0,1,1,0,1
401,3,0.0,1,1,0,1,1,1,0,1,1,1,1,0,1,1,1,1
402,3,0.0,1,1,0,1,1,1,1,1,1,1,1,0,1,1,1,1
403,3,1.0,1,1,0,0,0,1,1,1,1,0,1,0,0,0,1,1
404,3,0.0,0,0,0,1,1,1,1,1,0,1,1,1,0,1,1,1
405,3,0.0,0,0,0,1,0,1,1,1,1,0,1,1,1,1,1,1
406,3,0.0,1,0,0,1,1,1,1,1,1,1,1,0,1,1,1,1
407,3,1.0,0,1,0,1,1,1,0,0,1,0,1,1,1,1,1,0
408,3,1.0,0,1,0,0,1,1,1,1,0,1,1,1,0,1,1,1
409,3,0.0,1,1,0,1,1,1,1,1,0,1,1,0,1,1,1,1
410,3,0.0,0,0,0,1,1,1,0,1,0,1,1,1,0,1,1,1
411,3,0.0,1,1,0,1,0,1,1,1,1,1,1,0,1,1,1,1
414,3,1.0,1,1,0,1,1,1,1,1,1,1,1,0,1,1,1,1
415,3,0.0,0,1,1,1,1,1,1,0,1,1,1,1,1,1,1,1
416,3,0.0,0,1,1,1,1,1,0,1,0,1,1,1,1,1,1,1
417,3,1.0,1,1,0,1,0,1,0,1,0,1,1,0,1,1,1,1
419,3,0.0,0,0,1,1,1,1,1,0,1,1,1,1,1,1,1,1
420,3,0.0,1,1,0,1,1,1,0,1,1,1,1,0,1,1,1,1
421,3,0.0,0,1,0,1,1,0,1,1,1,0,1,1,0,0,0,1
422,3,1.0,0,0,0,1,1,1,1,1,1,1,1,1,1,1,1,1
423,3,1.0,1,1,0,1,0,1,1,1,1,0,1,0,0,0,0,1
424,3,0.0,0,1,0,1,1,1,0,1,1,1,1,1,1,1,1,1
425,3,0.0,0,0,0,0,0,0,1,1,0,1,1,1,1,1,1,1
426,3,1.0,1,1,0,1,1,1,1,1,1,1,1,0,1,1,1,1
427,3,1.0,1,1,0,1,0,0,0,1,1,0,1,0,1,0,0,1
428,3,1.0,1,1,1,1,1,1,1,1,0,1,1,1,1,1,1,1
430,3,0.0,1,0,1,0,1,1,1,1,1,0,1,1,0,0,1,1
431,3,0.0,1,0,0,1,1,1,0,1,1,1,1,0,1,0,1,1
432,3,0.0,0,0,0,1,0,1,1,1,0,1,1,1,1,1,1,1
433,3,1.0,1,1,0,1,1,1,0,0,1,1,1,0,1,1,0,1
434,3,1.0,1,1,0,1,1,1,1,1,1,0,1,0,1,1,1,1
435,3,0.0,0,0,1,1,0,1,0,0,1,1,1,1,1,1,1,1
437,3,1.0,1,0,0,1,0,1,1,1,1,1,1,0,1,0,1,1
438,3,0.0,1,0,0,1,0,1,1,1,1,1,1,0,1,0,1,1
440,3,0.0,0,1,0,1,1,1,1,0,0,0,1,1,1,1,1,0
441,3,0.0,1,1,0,1,1,1,1,1,1,1,1,0,1,1,1,1
442,3,1.0,0,1,0,1,1,1,1,1,0,1,1,1,1,1,0,1
444,3,1.0,1,0,0,1,1,1,1,1,1,0,1,0,1,1,0,1
446,3,0.0,0,0,1,1,1,1,1,1,1,1,1,1,0,1,1,1
447,3,1.0,0,0,0,1,1,0,1,1,1,1,1,1,1,1,1,1
448,3,1.0,0,1,0,1,1,1,1,1,1,1,1,1,0,1,1,1
449,3,1.0,0,1,0,1,1,1,1,1,1,1,1,1,1,1,1,1
450,3,0.0,1,1,0,1,0,1,1,1,1,1,1,0,1,1,1,1
451,3,0.0,1,1,0,1,1,1,0,1,1,0,1,0,1,1,1,1
452,3,1.0,1,1,0,1,0,1,1,1,1,1,1,0,1,1,1,1
453,3,0.0,1,0,0,1,0,1,1,1,1,1,1,1,0,1,1,1
454,3,1.0,1,1,0,1,1,1,1,1,1,1,1,0,1,1,1,1
455,3,0.0,1,0,0,0,0,1,0,1,1,1,1,0,1,1,1,1
456,3,1.0,1,1,0,1,0,0,0,1,1,0,1,0,1,0,1,1
457,3,0.0,1,1,1,1,0,1,1,0,1,1,1,0,1,1,1,1
458,3,1.0,1,1,0,1,1,1,1,1,1,1,1,0,1,1,1,1
460,3,0.0,1,0,0,1,1,1,1,1,1,1,1,0,1,1,1,1
461,3,0.0,1,1,0,1,1,1,1,1,1,1,1,1,1,1,1,1
462,3,1.0,1,0,0,1,1,1,1,1,1,1,1,0,0,1,0,1
463,3,1.0,0,1,0,0,1,1,1,1,0,0,1,1,0,1,1,1
464,3,1.0,1,1,1,1,1,1,1,1,0,1,1,1,1,1,1,1
465,3,0.0,0,1,1,1,1,1,1,1,1,1,1,1,1,1,1,1
466,3,0.0,1,0,0,1,1,1,1,1,1,1,1,0,1,1,1,1
467,3,1.0,0,1,0,1,1,1,1,1,1,0,1,1,1,1,0,1
468,3,0.0,0,1,1,1,1,1,1,1,1,1,1,1,1,1,1,1
469,3,0.0,1,0,0,1,0,1,0,1,1,1,1,0,1,1,0,1
470,3,1.0,1,0,1,1,1,1,1,0,1,1,1,1,0,1,1,1
471,3,0.0,1,1,0,1,1,1,1,1,0,1,1,1,1,1,1,1
472,3,1.0,1,1,0,1,1,1,1,1,1,1,1,1,0,1,1,1
473,3,0.0,1,1,0,1,1,1,1,1,1,1,1,0,1,1,1,1
474,3,1.0,0,1,1,1,1,1,0,0,1,0,1,1,0,0,1,1
475,3,1.0,0,0,0,1,1,1,1,1,1,1,1,1,1,1,1,1
476,3,1.0,1,0,1,1,1,1,1,0,0,1,1,1,1,1,1,1
477,3,1.0,1,0,0,1,1,1,1,1,1,0,1,0,1,1,0,1
478,3,1.0,1,0,0,1,1,1,1,1,1,1,1,0,0,1,0,1
480,3,1.0,1,1,0,0,1,0,0,1,1,0,1,0,1,0,1,1
481,3,1.0,1,0,0,1,0,0,0,1,1,1,1,0,0,0,1,1
482,3,1.0,1,1,0,1,1,0,1,1,1,0,1,0,1,1,1,1
483,3,1.0,1,1,0,1,1,1,1,1,1,1,1,0,1,1,0,1
484,3,0.0,1,1,0,1,0,1,1,1,1,0,1,0,0,1,0,1
486,3,1.0,1,0,0,0,0,1,0,1,1,1,1,0,1,1,1,1
487,3,0.0,1,0,0,1,0,1,1,1,1,1,1,0,1,1,1,1
488,3,0.0,1,1,1,1,1,1,1,0,1,1,1,1,1,1,1,1
489,3,1.0,1,1,0,1,1,1,0,1,1,1,1,0,1,1,1,1
490,3,1.0,1,1,1,0,0,1,1,1,0,1,1,1,1,0,0,1
491,3,1.0,1,0,0,1,0,1,1,1,1,1,1,0,1,1,0,1
492,3,0.0,0,1,0,1,1,1,0,0,0,1,1,1,0,1,1,0
493,3,0.0,1,1,0,1,1,1,1,1,1,1,1,0,1,1,1,1
494,3,1.0,0,1,0,1,1,1,1,1,0,1,1,1,0,1,1,1
495,3,1.0,1,1,0,0,1,1,1,1,0,0,1,0,1,1,1,1
496,3,1.0,1,1,0,1,1,1,1,1,1,1,1,0,1,1,1,1
498,3,1.0,0,1,1,1,0,0,1,1,1,0,1,1,0,1,1,1
499,3,1.0,0,1,1,1,1,1,1,0,0,1,1,1,1,1,1,1
3,0,0.0,0,1,1,1,1,1,0,0,1,1,1,1,1,1,1,1
42,0,0.0,0,0,0,1,1,1,0,1,1,0,1,1,0,1,1,1
54,0,1.0,0,0,0,0,1,1,0,1,1,1,1,1,0,1,1,1
84,0,1.0,1,0,0,1,1,1,0,1,1,1,1,0,1,1,1,1
105,0,0.0,1,1,0,1,1,1,0,1,1,1,1,1,1,1,1,1
109,0,1.0,1,1,0,0,1,1,1,1,1,0,1,0,1,1,0,1
160,0,1.0,1,1,0,1,1,1,1,1,0,1,1,1,1,1,1,1
196,0,0.0,1,0,0,1,1,1,1,1,1,1,1,0,1,1,1,1
226,0,0.0,1,1,0,1,1,1,1,1,1,1,1,1,1,1,1,1
276,0,0.0,0,1,0,1,1,1,1,1,0,1,1,1,1,1,1,1
291,0,1.0,0,0,0,1,1,1,1,1,1,0,1,1,1,1,0,1
310,0,1.0,1,0,0,1,1,0,0,1,1,1,1,0,1,1,1,1
316,0,1.0,1,1,0,1,1,1,1,1,1,1,1,1,1,1,1,1
347,0,1.0,1,0,0,1,1,1,1,1,1,1,1,0,1,1,0,1
379,0,0.0,1,0,0,0,1,1,1,1,1,1,1,0,1,1,1,1
389,0,0.0,0,1,0,1,1,1,1,1,0,1,1,1,1,1,1,1
390,0,1.0,1,1,0,1,1,1,0,1,1,0,1,0,1,1,1,1
394,0,1.0,1,0,0,1,0,1,1,1,1,1,1,0,1,1,1,1
418,0,1.0,0,0,0,1,1,1,1,1,1,1,1,1,1,1,1,1
443,0,1.0,0,1,0,1,1,1,1,1,0,1,1,1,0,1,0,1
445,0,1.0,1,1,0,1,1,1,0,1,1,0,1,0,1,1,1,1
3,1,0.0,0,0,0,1,1,1,1,0,1,1,1,1,1,1,1,1
54,1,1.0,1,1,1,1,1,1,1,1,1,1,1,1,1,1,1,1
84,1,0.0,1,1,0,1,1,1,1,1,1,0,1,1,1,1,1,1
105,1,0.0,1,0,0,1,1,1,0,1,1,1,1,0,1,1,1,1
109,1,0.0,0,0,1,1,1,1,1,0,1,1,1,1,1,1,1,1
196,1,1.0,1,1,0,1,1,1,1,1,1,0,1,0,1,0,1,1
226,1,1.0,0,0,0,1,1,1,1,1,0,0,1,1,1,1,1,1
316,1,0.0,1,1,1,1,1,1,1,1,0,1,1,1,1,1,1,1
347,1,1.0,1,1,0,1,1,1,0,1,1,1,1,0,1,1,1,1
379,1,1.0,1,0,0,1,1,1,0,1,1,1,1,0,1,0,1,1
389,1,1.0,0,1,0,1,1,1,1,1,1,1,1,1,1,1,1,1
394,1,1.0,0,0,1,1,1,1,1,0,1,1,1,1,1,1,1,1
418,1,1.0,0,0,0,1,1,1,1,1,1,1,1,1,0,1,1,1
443,1,1.0,1,0,1,1,1,1,1,1,0,1,1,1,0,1,1,1
445,1,0.0,0,1,0,1,1,1,1,1,1,1,1,1,0,1,1,1
3,2,0.0,1,1,0,1,1,1,1,1,1,1,1,1,1,1,1,1
42,2,1.0,1,1,0,1,1,1,1,1,1,1,1,0,1,1,1,1
54,2,1.0,0,0,1,1,1,1,1,1,1,0,1,1,0,1,1,1
84,2,1.0,1,0,0,1,1,0,0,1,1,1,1,0,1,1,0,1
105,2,1.0,0,1,0,0,0,0,1,1,0,0,1,1,0,0,1,1
109,2,1.0,1,1,0,1,1,1,1,1,0,1,1,1,1,1,1,1
196,2,1.0,0,0,1,1,1,1,1,1,0,0,1,1,0,1,1,1
226,2,1.0,0,0,1,1,1,1,1,1,1,1,1,1,1,1,1,1
291,2,0.0,0,1,1,1,1,1,1,1,0,1,1,1,1,1,1,1
310,2,1.0,1,0,0,1,1,1,1,1,1,1,1,0,1,1,1,1
314,2,0.0,1,1,0,1,1,1,1,1,1,1,1,0,1,1,1,1
316,2,0.0,0,0,1,1,1,1,0,1,0,0,1,1,0,1,1,1
347,2,1.0,1,0,0,1,1,1,1,1,1,1,1,0,1,1,1,1
379,2,0.0,1,0,0,1,0,1,1,1,1,0,1,0,1,1,1,1
389,2,1.0,1,0,1,1,1,1,1,1,1,1,1,1,1,1,1,1
390,2,1.0,1,0,0,1,0,1,0,1,1,1,1,0,1,1,1,1
394,2,0.0,1,0,0,1,0,1,1,1,1,1,1,1,1,1,1,1
418,2,0.0,0,1,1,1,1,1,1,1,0,1,1,1,1,1,1,1
443,2,0.0,0,1,1,1,1,1,1,1,1,1,1,1,1,1,1,1
445,2,0.0,1,0,0,1,1,1,0,1,0,0,1,0,1,1,1,1
3,3,0.0,0,1,0,1,1,1,0,1,1,1,1,1,1,1,1,1
76,3,1.0,1,1,0,1,1,1,1,1,1,0,1,0,1,1,1,1
84,3,0.0,1,1,0,1,1,1,1,1,1,1,1,1,1,1,1,1
105,3,0.0,1,0,0,1,0,1,0,1,1,0,1,1,1,1,1,1
109,3,0.0,0,1,1,1,1,1,0,1,0,1,1,1,1,1,1,1
160,3,0.0,0,1,0,1,1,1,1,1,1,1,1,1,1,1,1,1
191,3,0.0,0,0,0,1,1,1,0,1,0,1,1,1,1,1,1,1
196,3,1.0,0,0,0,1,1,1,1,1,1,1,1,1,0,1,1,1
226,3,1.0,1,1,0,1,1,1,1,1,0,1,1,1,1,1,1,1
276,3,1.0,1,1,0,0,0,1,0,1,1,1,1,0,1,1,0,1
291,3,1.0,1,1,0,1,1,1,1,1,1,1,1,1,0,0,0,1
310,3,1.0,1,1,1,1,1,1,1,1,1,1,1,1,1,1,1,1
314,3,0.0,1,0,0,1,1,1,1,1,0,1,1,1,1,1,0,1
316,3,0.0,0,1,0,1,1,1,1,1,1,1,1,1,1,1,1,1
347,3,1.0,1,1,0,1,0,1,0,1,1,1,1,0,1,1,1,1
379,3,0.0,0,0,0,1,1,1,1,1,0,1,1,1,1,1,1,1
389,3,0.0,0,1,0,1,1,1,1,1,0,1,1,1,1,1,1,1
390,3,1.0,1,1,0,1,1,1,0,1,1,1,1,0,1,1,1,1
394,3,0.0,0,0,0,0,1,1,1,1,0,0,1,1,0,0,0,1
418,3,0.0,0,0,0,1,0,1,1,1,0,1,1,1,1,1,1,1
443,3,1.0,0,0,0,1,1,1,1,1,1,1,1,1,0,1,1,1
445,3,0.0,1,1,1,1,1,1,0,1,1,1,1,1,0,1,1,1
4,0,1.0,1,0,0,0,0,1,0,1,1,0,1,0,1,1,0,1
14,0,1.0,1,1,0,1,1,1,1,1,1,0,1,1,0,0,1,1
15,0,0.0,1,1,0,1,1,1,1,1,1,0,1,0,1,1,0,1
24,0,1.0,1,1,0,1,0,1,1,1,0,0,1,0,1,0,1,1
25,0,1.0,1,1,0,1,1,1,0,1,1,0,1,0,1,0,0,1
35,0,1.0,1,0,0,1,0,1,0,1,0,1,1,0,1,1,0,1
90,0,0.0,1,1,0,1,0,1,0,1,1,0,1,0,0,0,0,1
92,0,0.0,1,1,0,1,1,1,1,1,1,1,1,0,1,1,1,1
147,0,1.0,1,0,0,1,1,0,0,1,1,0,1,0,0,0,0,1
201,0,0.0,0,0,0,1,1,1,0,1,1,1,1,1,0,1,1,1
202,0,1.0,1,0,0,0,0,1,1,1,1,1,1,0,0,0,0,1
209,0,1.0,0,1,1,1,1,1,1,1,1,0,1,1,0,1,1,1
217,0,1.0,0,1,0,1,0,0,1,1,1,0,1,1,0,0,0,1
245,0,1.0,1,0,0,1,1,0,1,1,1,1,1,0,1,1,0,1
277,0,1.0,1,0,0,1,0,0,1,1,1,1,1,0,0,0,0,1
289,0,0.0,1,0,0,1,1,1,1,0,1,1,1,1,1,1,1,1
320,0,0.0,1,1,0,1,0,1,1,1,1,0,1,0,1,0,1,1
323,0,0.0,1,1,0,1,1,1,1,1,1,1,1,0,1,1,1,1
348,0,1.0,1,1,0,1,0,1,0,1,0,0,1,0,1,1,1,1
353,0,1.0,1,1,0,1,0,1,0,1,0,1,1,0,1,1,1,1
354,0,1.0,1,1,0,1,0,0,0,1,1,0,1,1,0,1,0,1
377,0,1.0,1,1,0,1,1,1,0,1,1,1,1,0,1,1,1,1
392,0,1.0,1,1,0,1,1,0,1,1,0,0,1,0,1,1,1,1
412,0,1.0,0,0,0,0,1,1,1,1,1,0,1,1,0,1,0,1
436,0,1.0,1,1,0,1,1,1,0,1,0,1,1,0,1,1,1,1
439,0,1.0,1,1,0,1,1,0,1,1,1,0,1,0,0,0,1,1
4,1,0.0,1,0,0,1,1,1,1,1,1,1,1,0,1,1,1,1
14,1,1.0,1,0,0,1,1,0,0,1,0,1,1,0,1,1,1,1
15,1,1.0,1,1,0,1,1,1,1,1,0,1,1,0,1,1,1,1
24,1,1.0,1,1,0,1,0,0,1,1,1,1,1,0,0,0,1,1
25,1,1.0,1,1,0,1,1,1,0,1,1,0,1,0,1,0,0,1
35,1,1.0,1,1,0,1,0,0,1,1,0,0,1,0,0,1,0,1
90,1,0.0,1,1,0,1,1,1,1,1,1,0,1,0,1,0,1,1
147,1,1.0,1,0,0,1,0,1,1,1,1,0,1,0,1,1,1,1
151,1,0.0,0,1,0,1,1,1,1,1,0,0,1,0,1,0,0,1
201,1,1.0,1,0,0,0,0,1,0,1,1,1,1,0,0,0,0,1
202,1,1.0,1,0,0,1,0,1,0,1,1,1,1,0,1,1,1,1
209,1,1.0,1,1,0,1,0,0,0,1,1,0,1,0,1,0,0,1
245,1,0.0,1,0,0,1,0,1,0,1,1,1,1,0,1,1,0,1
260,1,0.0,0,0,0,1,1,1,1,1,1,1,1,1,1,1,1,1
277,1,0.0,1,0,0,1,0,1,1,0,1,0,1,0,1,1,0,1
289,1,1.0,0,1,0,1,1,1,1,0,1,1,1,1,1,1,1,1
319,1,1.0,0,1,0,0,1,0,1,1,1,1,1,1,1,1,0,1
320,1,1.0,1,0,0,1,1,1,1,1,1,0,1,0,1,1,1,1
323,1,0.0,1,0,0,1,1,1,1,1,0,1,1,0,1,1,1,1
348,1,0.0,1,0,0,1,1,1,1,1,1,1,1,0,1,1,1,1
353,1,1.0,1,1,0,1,1,1,1,1,1,1,1,0,1,1,1,1
354,1,1.0,1,1,0,1,0,0,1,1,1,0,1,1,0,1,1,1
377,1,1.0,1,0,0,0,1,1,0,1,0,1,1,0,1,0,1,1
392,1,1.0,1,0,0,1,0,1,1,1,1,1,1,0,1,1,1,1
406,1,0.0,1,0,0,1,0,1,0,1,1,1,1,0,1,1,0,1
412,1,1.0,0,0,0,0,1,0,1,1,0,0,1,1,0,0,0,1
436,1,1.0,1,1,0,0,1,0,1,1,0,0,1,0,1,0,0,1
439,1,1.0,1,1,0,0,0,1,1,1,0,0,1,1,1,1,0,1
4,2,0.0,1,0,0,1,1,1,0,1,1,1,1,0,1,1,1,1
14,2,1.0,1,0,0,1,1,1,1,1,1,1,1,0,1,1,1,1
15,2,0.0,1,0,0,1,0,1,0,1,0,1,1,1,1,1,1,1
24,2,0.0,1,1,0,1,1,1,1,1,1,1,1,0,1,1,1,1
25,2,1.0,1,0,0,1,0,1,0,1,0,1,1,0,0,0,0,1
35,2,1.0,1,1,0,1,0,1,1,1,1,0,1,0,1,1,1,1
43,2,1.0,1,1,0,1,1,1,1,1,1,1,1,0,1,1,1,1
90,2,0.0,1,0,0,1,1,1,1,1,1,1,1,0,1,1,1,1
124,2,1.0,0,1,1,1,1,0,1,1,1,0,1,1,0,1,1,1
147,2,0.0,1,1,0,0,0,1,0,1,1,0,1,0,0,0,0,1
201,2,1.0,1,1,0,0,0,1,0,1,1,0,1,0,0,1,0,1
202,2,1.0,1,0,0,1,0,1,1,1,0,1,1,0,1,1,0,1
209,2,1.0,1,1,0,1,0,0,0,1,1,0,1,0,1,0,0,1
217,2,1.0,0,1,0,1,1,1,1,1,1,1,1,1,1,1,1,1
243,2,0.0,1,0,0,1,1,1,1,1,0,1,1,0,1,1,1,1
245,2,1.0,1,0,0,0,1,1,0,1,1,0,1,0,0,0,0,1
253,2,1.0,1,0,1,1,1,1,1,1,1,1,1,0,0,1,0,1
277,2,1.0,1,1,0,1,1,1,1,1,1,0,1,0,1,1,1,1
289,2,1.0,1,1,0,1,0,1,1,0,1,1,1,0,1,1,1,1
319,2,1.0,0,0,1,1,1,1,1,1,1,1,1,1,1,1,1,1
320,2,0.0,1,1,0,1,1,1,1,1,1,1,1,0,1,1,1,1
323,2,1.0,1,1,0,1,0,1,0,1,1,0,1,0,1,0,0,1
348,2,0.0,1,1,0,1,1,1,1,1,0,1,1,0,1,1,1,1
353,2,1.0,0,1,0,1,0,1,1,1,0,0,1,1,0,0,0,1
354,2,0.0,0,0,0,1,1,0,1,1,0,1,1,1,1,0,1,1
377,2,1.0,1,1,0,0,1,1,0,1,1,0,1,0,1,1,1,1
392,2,0.0,1,0,0,1,0,1,1,1,1,1,1,0,1,1,1,1
406,2,1.0,1,0,0,1,1,1,1,1,1,0,1,0,0,0,0,1
412,2,1.0,1,0,1,1,1,1,1,1,0,1,1,1,0,1,1,1
436,2,0.0,1,1,0,1,1,1,1,1,1,1,1,0,1,1,1,1
439,2,0.0,1,0,0,0,0,1,0,1,0,1,1,0,1,1,0,1
477,2,1.0,1,1,0,1,1,0,0,0,1,0,1,1,1,0,1,1
4,3,0.0,1,1,0,1,1,1,1,1,1,1,1,0,1,1,1,1
14,3,1.0,1,0,0,1,1,1,1,1,1,0,1,1,1,0,1,1
15,3,0.0,1,1,0,1,1,1,0,1,1,1,1,0,1,1,1,1
24,3,0.0,1,0,0,1,1,1,1,1,1,1,1,0,1,1,1,1
25,3,1.0,1,1,0,0,0,1,0,1,0,1,1,0,0,0,0,1
35,3,0.0,1,0,0,1,1,1,1,1,1,0,1,0,1,0,1,1
90,3,1.0,1,0,0,1,1,1,1,1,1,1,1,0,1,0,0,1
124,3,0.0,0,0,1,1,1,1,0,0,1,1,1,1,1,1,1,1
147,3,0.0,0,0,1,1,1,1,1,0,0,1,1,1,1,1,1,1
151,3,0.0,1,1,0,1,1,1,0,0,1,0,1,1,1,1,1,1
201,3,0.0,1,0,0,0,0,1,0,1,1,0,1,0,1,1,0,1
202,3,1.0,1,0,0,1,0,1,1,1,0,1,1,0,1,1,0,1
209,3,1.0,1,0,0,1,0,0,0,1,1,1,1,0,1,0,0,1
217,3,1.0,0,1,0,0,0,1,1,1,1,0,1,1,0,0,0,1
245,3,0.0,1,0,1,1,1,1,1,0,0,0,1,0,1,1,1,1
277,3,1.0,1,1,0,0,1,0,0,0,1,0,1,0,1,1,1,1
289,3,0.0,1,0,0,1,0,1,1,1,1,1,1,0,1,1,1,1
319,3,1.0,1,1,0,1,1,1,1,1,0,1,1,1,1,1,1,1
320,3,1.0,1,1,0,1,0,1,1,1,1,0,1,0,1,0,0,1
323,3,1.0,1,0,0,1,1,0,1,1,1,1,1,0,0,1,1,1
348,3,1.0,1,0,0,1,1,1,1,1,0,1,1,0,1,1,1,1
353,3,0.0,1,0,0,1,0,1,0,1,0,0,1,0,1,1,0,1
354,3,1.0,1,0,0,1,0,1,1,1,1,1,1,0,1,1,1,1
377,3,1.0,1,1,0,1,1,1,0,1,1,0,1,0,0,0,0,1
392,3,0.0,1,1,0,1,1,1,1,1,1,1,1,0,1,1,1,1
412,3,0.0,0,0,1,1,0,1,1,1,0,1,1,1,1,1,1,1
436,3,1.0,1,0,0,1,1,1,1,1,1,1,1,1,1,1,1,1
439,3,1.0,1,1,1,1,1,1,1,1,0,1,1,1,0,1,1,1
9,0,1.0,0,0,0,1,1,1,1,1,1,0,1,1,0,1,1,1
50,0,1.0,1,1,0,1,0,1,1,1,1,0,1,1,0,1,1,1
98,0,1.0,0,0,1,1,1,1,1,0,1,1,1,1,0,1,1,1
108,0,1.0,1,0,0,1,1,1,1,1,1,1,1,0,0,1,1,1
167,0,1.0,1,1,0,1,0,1,1,1,0,1,1,0,1,1,1,1
318,0,0.0,1,0,0,1,1,1,1,1,1,1,1,1,1,1,1,1
342,0,0.0,1,0,0,1,1,1,1,1,1,1,1,0,1,1,1,1
399,0,0.0,0,0,0,1,1,1,1,1,1,1,1,1,1,1,1,1
459,0,1.0,1,1,0,1,1,1,1,0,1,0,1,0,1,1,1,1
9,1,0.0,1,0,1,1,1,1,1,0,1,1,1,1,1,1,1,1
50,1,1.0,0,0,0,1,1,1,1,1,1,0,1,1,1,1,1,1
68,1,1.0,1,1,0,1,1,1,1,1,1,1,1,0,1,1,1,1
92,1,1.0,0,1,1,1,1,1,1,1,1,1,1,1,0,1,1,1
98,1,1.0,1,1,1,1,1,1,1,1,1,1,1,1,0,1,1,1
108,1,1.0,1,1,0,1,1,1,1,1,1,0,1,1,1,1,1,1
167,1,1.0,1,1,0,1,1,1,1,1,1,1,1,0,1,1,1,1
276,1,0.0,0,0,0,1,1,1,1,1,0,1,1,1,1,1,1,1
342,1,0.0,1,0,0,0,0,1,0,1,0,1,1,0,1,1,1,1
399,1,1.0,1,1,0,1,1,1,1,1,0,0,1,1,0,1,1,1
459,1,0.0,1,0,0,1,1,1,1,1,0,1,1,0,1,1,1,1
50,2,1.0,0,1,1,1,1,1,1,1,1,1,1,1,0,1,1,1
92,2,0.0,1,1,0,1,1,1,1,1,0,1,1,0,1,1,1,1
108,2,1.0,1,1,0,1,1,1,1,1,1,1,1,0,1,1,1,1
167,2,0.0,1,0,0,1,1,1,1,1,1,1,1,1,0,1,1,1
318,2,0.0,0,0,0,1,0,1,1,1,0,1,1,1,1,1,1,1
342,2,0.0,1,0,0,1,1,1,1,1,1,1,1,0,1,1,1,1
9,3,1.0,0,1,0,1,1,1,1,1,0,0,1,1,0,1,1,1
92,3,1.0,1,0,0,1,1,1,1,1,1,1,1,0,1,1,1,1
108,3,1.0,1,0,0,0,1,1,1,1,1,1,1,0,1,0,0,1
318,3,1.0,1,1,0,1,0,1,1,1,1,0,1,0,1,1,1,1
342,3,1.0,1,1,0,1,1,1,1,1,1,0,1,1,0,0,0,1
459,3,1.0,1,1,0,1,1,1,1,1,1,1,1,1,1,1,1,1
104,0,1.0,0,1,1,1,1,1,1,1,1,0,1,1,1,1,1,1
104,1,1.0,1,0,1,1,1,1,1,1,1,1,1,1,1,1,1,1
104,2,0.0,1,1,1,1,1,1,0,0,1,0,1,1,1,1,1,1
135,0,1.0,1,1,0,1,0,1,1,1,1,0,1,0,0,1,0,1
233,0,1.0,0,1,1,1,1,1,1,0,0,0,1,1,0,1,1,0
135,1,1.0,1,1,0,1,0,1,1,1,1,0,1,0,1,1,0,1
233,1,0.0,0,0,1,1,1,1,0,0,0,0,1,1,0,1,1,0
135,2,0.0,1,0,0,1,0,1,1,1,1,1,1,0,1,1,1,1
295,2,1.0,1,1,0,1,0,1,0,1,0,1,1,0,1,1,1,1
135,3,1.0,1,1,0,1,1,1,1,1,1,1,1,0,1,1,1,1
212,3,0.0,0,1,1,1,1,1,1,0,0,1,1,1,1,1,1,1
355,0,1.0,1,0,0,1,0,1,1,1,1,1,1,0,1,1,0,1
355,1,1.0,1,1,0,1,1,1,1,1,1,0,1,0,1,1,1,1
12,0,0.0,0,0,0,1,1,1,0,1,0,1,1,1,1,1,1,1
33,0,0.0,1,0,0,1,0,1,1,1,1,1,1,0,1,1,1,1
76,0,0.0,1,0,1,1,1,1,0,0,1,1,1,1,1,1,1,1
192,0,0.0,1,1,0,1,1,1,0,1,1,1,1,0,1,1,1,1
212,0,0.0,1,0,0,1,1,1,1,1,1,0,1,0,1,1,1,1
230,0,0.0,1,1,1,1,1,1,1,0,1,1,1,1,1,1,1,1
255,0,1.0,1,1,0,1,1,1,0,1,1,1,1,0,1,1,1,1
270,0,0.0,0,0,1,1,1,1,1,0,0,0,1,1,0,1,1,1
271,0,1.0,1,1,1,1,1,1,1,0,1,1,1,1,1,1,1,1
295,0,0.0,1,0,0,1,1,1,1,1,1,1,1,0,1,1,1,1
364,0,1.0,0,1,1,1,1,1,1,0,0,0,1,1,1,1,1,1
429,0,0.0,0,0,1,1,1,1,0,0,1,1,1,1,1,1,1,1
485,0,0.0,0,1,1,1,1,1,1,0,1,1,1,1,1,1,1,1
12,1,0.0,1,0,0,1,1,1,0,1,0,0,1,0,1,1,1,1
33,1,0.0,1,1,1,1,1,1,1,0,0,1,1,1,1,1,1,1
76,1,0.0,1,0,1,1,1,1,1,0,1,0,1,1,1,1,1,1
190,1,0.0,1,0,0,1,1,1,1,1,0,1,1,0,1,1,1,1
191,1,0.0,1,0,0,1,0,1,1,1,1,1,1,0,1,1,1,1
212,1,0.0,1,0,0,1,0,1,1,1,1,1,1,0,1,1,1,1
230,1,0.0,1,1,1,1,1,1,1,0,1,0,1,1,1,1,1,1
255,1,0.0,1,1,0,1,1,1,0,1,0,0,1,0,1,1,1,1
270,1,0.0,0,1,1,1,1,1,1,1,1,1,1,1,1,1,1,1
291,1,0.0,1,0,1,1,1,1,0,0,0,0,1,1,1,1,1,1
295,1,0.0,0,1,1,1,0,1,0,0,0,1,1,1,1,1,1,1
381,1,1.0,0,1,1,1,1,1,1,0,1,0,1,1,1,1,1,1
390,1,0.0,0,1,1,1,1,1,1,0,1,1,1,1,1,1,1,1
413,1,0.0,1,0,0,1,0,1,1,1,1,0,1,0,1,1,1,1
429,1,0.0,1,1,0,1,1,1,1,1,1,0,1,0,1,1,1,1
485,1,0.0,1,0,1,1,1,1,1,0,1,1,1,1,1,1,1,1
497,1,1.0,0,1,1,1,1,1,1,1,1,1,1,1,1,1,1,1
12,2,0.0,1,0,0,1,1,1,1,1,1,0,1,0,1,1,1,1
33,2,0.0,1,0,1,1,1,1,1,1,0,1,1,1,0,1,1,1
76,2,0.0,1,0,1,1,1,1,1,1,0,1,1,1,1,1,1,1
166,2,0.0,1,0,1,1,1,1,1,0,1,0,1,1,1,1,1,1
190,2,0.0,1,0,1,1,1,1,1,1,1,0,1,1,1,1,1,1
191,2,0.0,1,1,1,1,1,1,1,1,0,1,1,1,1,1,1,1
212,2,0.0,1,0,1,1,1,1,1,1,1,1,1,0,1,1,1,1
235,2,1.0,0,0,1,1,1,1,1,0,0,1,1,1,1,1,1,1
255,2,0.0,1,0,0,1,1,1,0,1,0,1,1,0,1,1,1,1
364,2,0.0,1,1,0,1,1,1,1,1,1,1,1,0,1,1,1,1
381,2,0.0,1,1,1,1,1,1,1,0,0,0,1,1,0,1,1,1
413,2,0.0,1,0,0,1,1,1,0,1,1,0,1,0,0,1,1,1
429,2,0.0,0,0,0,1,0,0,1,1,0,0,1,1,1,1,1,1
485,2,1.0,1,1,1,1,1,1,1,0,1,0,1,1,1,1,1,1
255,3,0.0,0,1,1,1,1,1,1,0,0,1,1,1,1,1,1,1
270,3,0.0,1,0,0,1,1,1,1,1,1,1,1,1,1,1,1,1
429,3,0.0,0,0,1,1,1,1,1,0,1,0,1,1,1,1,1,1
53,0,0.0,0,0,1,1,1,1,1,1,0,1,1,1,0,1,1,1
235,0,0.0,0,1,1,1,1,1,1,0,1,0,1,1,1,1,1,1
53,1,0.0,0,1,1,1,0,1,1,0,1,1,1,1,1,1,1,1
53,2,0.0,0,0,1,1,1,1,1,0,1,0,1,1,1,1,1,1
53,3,0.0,1,1,0,1,1,1,1,1,1,1,1,1,1,1,1,1
360,1,0.0,1,1,0,1,1,1,1,0,1,1,1,1,1,0,1,1
381,3,0.0,1,0,0,1,1,1,1,1,1,0,1,0,1,1,1,1
279,2,1.0,1,1,1,1,1,1,1,1,0,1,1,1,1,1,1,1
364,1,0.0,1,1,0,1,1,1,1,1,1,1,1,1,1,1,1,1
299,1,1.0,1,1,0,1,1,0,1,0,1,0,1,1,0,1,1,1
67,0,1.0,0,0,0,1,1,1,1,0,1,1,1,1,1,1,1,0
67,3,0.0,0,0,0,1,1,1,1,0,1,0,1,1,1,1,1,0
413,3,1.0,1,1,0,1,1,1,1,1,0,1,1,0,1,1,1,1
166,1,1.0,0,1,1,1,1,1,0,0,1,0,1,1,1,1,1,1
302,1,1.0,1,1,0,1,1,1,0,1,1,0,1,1,1,1,1,1
120,0,0.0,1,0,0,1,1,1,1,1,1,1,1,0,0,1,1,1
302,3,0.0,1,0,0,1,0,1,1,1,1,1,1,1,1,1,1,1
159,0,1.0,0,0,1,1,1,1,1,0,1,1,1,1,0,1,1,1
166,0,0.0,1,0,0,1,0,1,1,1,1,0,1,0,1,1,1,1
254,0,0.0,0,0,0,1,1,1,1,0,0,0,1,1,0,1,1,0
294,0,1.0,0,1,0,1,1,1,0,0,1,1,1,1,1,1,1,0
340,0,1.0,1,1,0,0,0,1,1,1,1,0,1,0,1,0,0,0
381,0,0.0,0,0,1,1,1,1,0,0,1,0,1,1,0,1,1,1
413,0,0.0,1,0,0,1,0,1,1,1,1,1,1,0,1,1,1,1
230,3,0.0,1,0,1,1,1,1,1,0,1,1,1,1,1,1,1,1
230,2,0.0,1,1,1,1,1,1,1,1,0,1,1,1,0,1,1,1
364,3,0.0,1,1,0,1,1,1,1,1,1,0,1,0,1,1,1,1
166,3,0.0,0,0,1,1,1,1,1,0,1,1,1,1,1,1,1,1
197,3,0.0,1,0,1,1,1,1,1,0,1,0,1,1,1,1,1,1
67,1,1.0,0,1,1,0,1,1,1,0,1,0,0,1,1,0,0,1
67,2,1.0,0,1,1,1,0,1,1,0,0,0,0,1,1,0,0,0
479,0,0.0,0,0,0,1,0,1,1,0,1,0,0,1,1,1,1,0
479,1,0.0,1,1,0,0,1,1,0,0,1,0,0,0,1,0,0,0
479,2,1.0,0,0,1,0,1,0,1,0,1,0,0,1,1,1,1,1
479,3,0.0,1,0,0,0,0,1,0,0,1,0,0,0,1,1,1,0
497,0,1.0,1,0,1,0,1,1,1,0,0,0,0,1,1,1,1,1
497,2,0.0,1,0,1,0,0,1,1,0,0,0,0,1,1,0,0,1
497,3,0.0,0,0,0,0,0,1,1,0,1,0,0,0,1,0,1,1
302,0,0.0,1,0,0,1,0,1,1,1,1,1,0,0,1,1,1,1
376,1,1.0,1,0,0,1,1,1,1,1,0,0,0,0,1,1,1,1
191,0,0.0,1,0,1,1,1,0,1,0,1,1,0,0,1,1,1,1
485,3,0.0,1,0,1,1,1,1,1,0,1,0,0,1,1,1,1,1
190,0,0.0,1,0,0,1,1,1,1,1,1,1,0,0,1,1,1,1
210,0,0.0,0,1,0,0,0,1,1,1,1,1,0,1,1,1,1,1
159,3,0.0,0,1,0,1,1,0,0,0,0,1,0,1,1,0,1,1
376,3,1.0,1,0,1,1,1,1,1,0,0,1,0,1,1,1,1,0
327,0,0.0,0,0,1,1,1,1,0,0,1,0,0,1,1,0,1,0
360,0,0.0,0,1,0,0,1,1,1,1,1,0,0,1,1,1,1,1
310,1,1.0,0,0,1,1,1,1,0,0,1,0,0,1,1,1,1,1
262,1,0.0,1,1,0,0,1,0,1,1,1,1,0,0,1,1,1,1
210,2,0.0,0,0,0,1,1,1,0,0,1,0,0,1,1,1,1,0
270,2,0.0,0,0,1,1,1,1,0,1,1,1,0,1,1,1,1,1
299,2,1.0,1,1,1,1,1,1,1,0,0,1,0,1,1,1,1,1
302,2,0.0,1,1,0,1,1,1,1,1,0,0,0,0,1,1,1,1
210,3,1.0,1,0,0,1,1,1,1,1,1,0,0,0,1,1,0,0
254,3,0.0,1,1,1,1,1,1,1,0,1,0,0,1,1,1,1,0
279,3,0.0,0,0,1,1,0,1,0,0,0,0,0,1,1,0,1,0
299,3,0.0,1,1,0,1,0,1,0,1,0,0,0,1,1,1,1,1
33,3,0.0,1,0,0,1,0,1,1,1,1,0,0,0,1,1,1,1
54,3,1.0,1,1,0,1,1,1,1,1,1,0,0,0,1,1,1,0
104,3,1.0,1,1,0,1,1,1,1,1,1,1,0,1,1,1,1,1
190,3,0.0,1,1,0,1,0,1,0,1,1,0,0,0,1,1,1,1
295,3,1.0,0,1,0,1,1,1,0,0,0,1,0,1,1,1,1,1
197,0,0.0,0,0,1,1,1,1,1,0,1,0,0,1,0,1,1,1
197,1,0.0,0,0,1,1,1,1,1,1,1,0,0,1,0,1,0,1
197,2,0.0,1,0,1,1,0,1,1,0,1,0,0,1,0,1,1,1
151,0,1.0,1,1,0,1,1,1,1,0,0,0,0,1,0,0,1,0
360,3,0.0,1,0,1,1,0,1,1,0,1,1,0,1,0,1,1,1
376,0,1.0,1,0,0,1,1,1,1,1,1,0,0,0,0,1,1,1
376,2,1.0,1,1,1,1,1,1,1,0,1,1,0,1,0,1,1,0
314,0,1.0,1,1,0,1,1,1,1,1,1,1,0,1,0,1,1,1
279,0,1.0,1,1,0,1,0,1,1,1,0,0,0,0,0,1,0,1
254,1,1.0,0,0,0,1,1,1,1,0,1,1,0,1,0,0,0,1
279,1,1.0,0,0,0,1,1,1,0,1,0,1,0,1,0,1,0,1
159,1,0.0,0,0,1,1,1,1,1,0,1,1,0,1,0,1,1,1
314,1,1.0,0,1,1,1,1,0,1,1,1,0,0,1,0,1,1,1
151,2,1.0,1,0,1,1,0,1,0,0,1,1,0,1,0,0,0,0
159,2,1.0,0,1,1,1,1,1,0,0,1,0,0,1,0,1,1,1
254,2,1.0,1,0,1,1,1,1,1,0,1,1,0,1,0,1,1,0
351,3,1.0,0,1,1,1,1,1,1,1,0,0,0,1,0,1,1,1
360,2,0.0,0,1,1,0,0,1,1,0,1,1,0,1,0,1,0,1
299,0,1.0,0,1,0,0,0,0,1,0,0,0,0,1,0,0,0,1
210,1,0.0,1,1,1,0,1,1,1,0,1,0,0,1,0,1,1,0
